stock,trend_5days+,trend_10days+,trend_20days+,trend_30days+,trend_5days-,trend_10days-,trend_20days-,trend_30days-,buy_prob,sell_prob
HCA,0.93,0.91,0.91,0.93,0.00,0.00,0.00,0.00,0.92,0.00
AMZN,0.80,0.77,0.86,0.93,0.00,0.00,0.00,0.00,0.84,0.00
APA,0.81,0.76,0.85,0.92,0.00,0.00,0.00,0.00,0.83,0.00
ANSS,0.84,0.79,0.81,0.89,0.00,0.00,0.00,0.00,0.83,0.00
CE,0.86,0.78,0.81,0.87,0.00,0.00,0.00,0.00,0.83,0.00
UNH,0.84,0.75,0.79,0.88,0.00,0.00,0.00,0.00,0.81,0.00
J,0.83,0.74,0.80,0.88,0.00,0.00,0.00,0.00,0.81,0.00
DLTR,0.79,0.70,0.82,0.93,0.00,0.00,0.00,0.00,0.81,0.00
URI,0.85,0.76,0.78,0.84,0.00,0.00,0.00,0.00,0.81,0.00
CDW,0.72,0.70,0.84,0.93,0.00,0.00,0.00,0.00,0.80,0.00
TRMB,0.82,0.72,0.78,0.86,0.00,0.00,0.00,0.00,0.79,0.00
COP,0.80,0.70,0.80,0.88,0.00,0.00,0.00,0.00,0.79,0.00
ZS,0.94,0.84,0.72,0.65,0.00,0.00,0.00,0.00,0.79,0.00
TER,0.78,0.71,0.80,0.83,0.00,0.00,0.00,0.00,0.78,0.00
AMAT,0.81,0.70,0.76,0.82,0.00,0.00,0.00,0.00,0.77,0.00
A,0.77,0.66,0.77,0.87,0.00,0.00,0.00,0.00,0.77,0.00
TMO,0.76,0.67,0.77,0.86,0.00,0.00,0.00,0.00,0.77,0.00
RVTY,0.80,0.70,0.74,0.82,0.00,0.00,0.00,0.00,0.76,0.00
MOS,0.82,0.70,0.71,0.81,0.00,0.00,0.00,0.00,0.76,0.00
CDNS,0.89,0.75,0.69,0.72,0.00,0.00,0.00,0.00,0.76,0.00
EL,0.75,0.64,0.78,0.88,0.00,0.00,0.00,0.00,0.76,0.00
PFE,0.82,0.70,0.71,0.80,0.00,0.00,0.00,0.00,0.76,0.00
RMD,0.80,0.69,0.72,0.82,0.00,0.00,0.00,0.00,0.76,0.00
PYPL,0.79,0.67,0.75,0.81,0.00,0.00,0.00,0.00,0.76,0.00
MTCH,0.69,0.62,0.81,0.90,0.00,0.00,0.00,0.00,0.75,0.00
ARM,0.78,0.67,0.74,0.82,0.00,0.00,0.00,0.00,0.75,0.00
OXY,0.74,0.62,0.79,0.85,0.00,0.00,0.00,0.00,0.75,0.00
RJF,0.72,0.65,0.75,0.87,0.00,0.00,0.00,0.00,0.75,0.00
ZBH,0.87,0.73,0.66,0.72,0.00,0.00,0.00,0.00,0.75,0.00
DAL,0.74,0.66,0.74,0.84,0.00,0.00,0.00,0.00,0.75,0.00
WAT,0.79,0.66,0.71,0.80,0.00,0.00,0.00,0.00,0.74,0.00
GEV,0.69,0.62,0.78,0.87,0.00,0.00,0.00,0.00,0.74,0.00
HSIC,0.87,0.74,0.66,0.69,0.00,0.00,0.00,0.00,0.74,0.00
CF,0.73,0.62,0.74,0.84,0.00,0.00,0.00,0.00,0.73,0.00
CAG,0.95,0.80,0.60,0.58,0.00,0.00,0.00,0.00,0.73,0.00
FANG,0.78,0.67,0.69,0.78,0.00,0.00,0.00,0.00,0.73,0.00
SYF,0.70,0.60,0.75,0.88,0.00,0.00,0.00,0.00,0.73,0.00
NDSN,0.75,0.67,0.72,0.79,0.00,0.00,0.00,0.00,0.73,0.00
AXP,0.74,0.63,0.72,0.82,0.00,0.00,0.00,0.00,0.73,0.00
BKR,0.91,0.76,0.62,0.61,0.00,0.00,0.00,0.00,0.73,0.00
ULTA,0.72,0.63,0.68,0.88,0.00,0.00,0.00,0.00,0.72,0.00
WST,0.76,0.63,0.70,0.78,0.00,0.00,0.00,0.00,0.72,0.00
CAT,0.79,0.60,0.67,0.81,0.00,0.00,0.00,0.00,0.72,0.00
PCAR,0.85,0.69,0.62,0.71,0.00,0.00,0.00,0.00,0.72,0.00
WAB,0.80,0.63,0.66,0.77,0.00,0.00,0.00,0.00,0.71,0.00
EMR,0.68,0.57,0.68,0.88,0.00,0.00,0.00,0.00,0.70,0.00
HPE,0.63,0.53,0.78,0.87,0.00,0.00,0.00,0.00,0.70,0.00
POOL,0.90,0.70,0.62,0.59,0.00,0.00,0.00,0.00,0.70,0.00
EPAM,0.88,0.70,0.55,0.65,0.00,0.00,0.00,0.00,0.70,0.00
KKR,0.76,0.59,0.64,0.80,0.00,0.00,0.00,0.00,0.70,0.00
UAL,0.71,0.59,0.69,0.79,0.00,0.00,0.00,0.00,0.70,0.00
CNC,0.64,0.49,0.74,0.90,0.00,0.00,0.00,0.00,0.69,0.00
AVGO,0.72,0.59,0.69,0.78,0.00,0.00,0.00,0.00,0.69,0.00
BDX,0.79,0.63,0.64,0.71,0.00,0.00,0.00,0.00,0.69,0.00
VST,0.61,0.50,0.76,0.89,0.00,0.00,0.00,0.00,0.69,0.00
SWKS,0.75,0.57,0.67,0.76,0.00,0.00,0.00,0.00,0.69,0.00
DHR,0.75,0.54,0.65,0.78,0.00,0.00,0.00,0.00,0.68,0.00
IFF,0.66,0.49,0.69,0.87,0.00,0.00,0.00,0.00,0.68,0.00
TECH,0.78,0.60,0.62,0.69,0.00,0.00,0.00,0.00,0.67,0.00
SNPS,0.82,0.61,0.57,0.66,0.00,0.00,0.00,0.00,0.67,0.00
NOC,0.96,0.81,0.49,0.38,0.00,0.00,0.00,0.00,0.66,0.00
HBAN,0.68,0.57,0.63,0.77,0.00,0.00,0.00,0.00,0.66,0.00
LRCX,0.87,0.68,0.54,0.55,0.00,0.00,0.00,0.00,0.66,0.00
JNPR,0.83,0.64,0.55,0.59,0.00,0.00,0.00,0.00,0.65,0.00
ZBRA,0.74,0.55,0.60,0.71,0.00,0.00,0.00,0.00,0.65,0.00
KHC,0.60,0.59,0.70,0.72,0.05,0.01,0.01,0.01,0.65,0.02
VMC,0.66,0.58,0.62,0.73,0.00,0.00,0.00,0.00,0.65,0.00
ALGN,0.86,0.66,0.51,0.55,0.00,0.00,0.00,0.00,0.65,0.00
LULU,0.56,0.44,0.70,0.86,0.00,0.00,0.00,0.00,0.64,0.00
GOOG,0.78,0.55,0.54,0.63,0.00,0.00,0.00,0.00,0.62,0.00
BLDR,0.71,0.55,0.56,0.64,0.00,0.00,0.00,0.00,0.62,0.00
EFX,0.74,0.53,0.52,0.67,0.00,0.00,0.00,0.00,0.61,0.00
ITW,0.77,0.63,0.58,0.47,0.03,0.01,0.00,0.01,0.61,0.01
GOOGL,0.78,0.54,0.52,0.61,0.00,0.00,0.00,0.00,0.61,0.00
BAC,0.60,0.45,0.62,0.78,0.00,0.00,0.00,0.00,0.61,0.00
DVA,0.78,0.52,0.49,0.64,0.00,0.00,0.00,0.00,0.61,0.00
HII,0.90,0.66,0.45,0.43,0.00,0.00,0.00,0.00,0.61,0.00
FMC,0.81,0.54,0.48,0.61,0.00,0.00,0.00,0.00,0.61,0.00
MRVL,0.57,0.41,0.64,0.80,0.00,0.00,0.00,0.00,0.61,0.00
TSLA,0.40,0.31,0.75,0.95,0.01,0.00,0.00,0.00,0.60,0.00
MTD,0.91,0.70,0.42,0.37,0.00,0.00,0.00,0.00,0.60,0.00
MAS,0.72,0.54,0.55,0.58,0.00,0.00,0.00,0.00,0.60,0.00
IQV,0.65,0.44,0.52,0.74,0.00,0.00,0.00,0.00,0.59,0.00
QCOM,0.78,0.56,0.49,0.52,0.00,0.00,0.00,0.00,0.59,0.00
KEYS,0.88,0.67,0.41,0.31,0.00,0.00,0.00,0.00,0.57,0.00
MHK,0.80,0.56,0.40,0.46,0.00,0.00,0.00,0.00,0.56,0.00
MPWR,0.79,0.60,0.45,0.37,0.01,0.00,0.00,0.00,0.55,0.00
SHW,0.80,0.67,0.38,0.33,0.07,0.01,0.00,0.00,0.54,0.02
EXR,0.70,0.61,0.46,0.36,0.05,0.01,0.00,0.00,0.53,0.02
PSX,0.62,0.46,0.47,0.56,0.03,0.00,0.00,0.00,0.53,0.01
IT,0.53,0.47,0.46,0.63,0.00,0.00,0.00,0.00,0.52,0.00
CSGP,0.82,0.58,0.36,0.28,0.03,0.00,0.00,0.00,0.51,0.01
PNC,0.48,0.38,0.50,0.64,0.00,0.00,0.00,0.00,0.50,0.00
CTRA,0.53,0.35,0.51,0.59,0.00,0.00,0.00,0.00,0.49,0.00
GIS,0.76,0.46,0.37,0.37,0.01,0.00,0.00,0.00,0.49,0.00
NUE,0.43,0.39,0.50,0.62,0.02,0.00,0.00,0.00,0.49,0.01
PLTR,0.48,0.52,0.46,0.47,0.23,0.05,0.03,0.03,0.48,0.08
SMCI,0.86,0.56,0.27,0.20,0.01,0.00,0.00,0.00,0.47,0.00
CCL,0.41,0.31,0.41,0.74,0.02,0.01,0.00,0.00,0.47,0.01
SWK,0.79,0.59,0.30,0.18,0.03,0.00,0.00,0.00,0.46,0.01
SNA,0.66,0.38,0.27,0.45,0.01,0.00,0.00,0.00,0.44,0.00
SLB,0.72,0.51,0.29,0.23,0.03,0.00,0.00,0.00,0.44,0.01
WBA,0.35,0.20,0.44,0.71,0.01,0.00,0.01,0.01,0.42,0.01
ANET,0.37,0.21,0.44,0.68,0.00,0.00,0.01,0.02,0.42,0.01
APD,0.51,0.31,0.32,0.54,0.04,0.01,0.00,0.00,0.42,0.01
AAPL,0.46,0.20,0.29,0.64,0.01,0.00,0.00,0.00,0.40,0.00
KMI,0.38,0.21,0.37,0.57,0.01,0.00,0.01,0.01,0.38,0.01
ASML,0.83,0.39,0.15,0.10,0.00,0.00,0.00,0.00,0.37,0.00
MU,0.64,0.29,0.20,0.32,0.01,0.00,0.00,0.00,0.36,0.00
STT,0.42,0.18,0.32,0.52,0.00,0.00,0.00,0.01,0.36,0.00
DG,0.60,0.45,0.23,0.14,0.17,0.03,0.01,0.01,0.36,0.05
FITB,0.40,0.27,0.27,0.35,0.01,0.00,0.00,0.00,0.32,0.00
GS,0.49,0.33,0.21,0.25,0.02,0.00,0.00,0.00,0.32,0.01
INCY,0.73,0.29,0.09,0.09,0.03,0.00,0.00,0.00,0.30,0.01
BX,0.52,0.26,0.18,0.25,0.01,0.00,0.00,0.00,0.30,0.00
VLO,0.41,0.29,0.24,0.24,0.01,0.00,0.00,0.00,0.29,0.00
CCI,0.34,0.28,0.25,0.24,0.12,0.01,0.01,0.01,0.28,0.04
AWK,0.15,0.20,0.32,0.39,0.21,0.02,0.02,0.04,0.27,0.08
DECK,0.22,0.10,0.28,0.44,0.03,0.03,0.08,0.10,0.26,0.06
PDD,0.26,0.21,0.25,0.25,0.02,0.00,0.00,0.00,0.25,0.01
ETN,0.49,0.23,0.13,0.11,0.02,0.00,0.00,0.00,0.24,0.00
ARE,0.50,0.22,0.12,0.11,0.02,0.00,0.00,0.00,0.24,0.01
MSTR,0.43,0.23,0.15,0.13,0.03,0.00,0.00,0.00,0.23,0.01
ES,0.50,0.28,0.10,0.05,0.14,0.02,0.00,0.00,0.23,0.04
IEX,0.52,0.18,0.08,0.07,0.00,0.00,0.00,0.00,0.21,0.00
CMS,0.24,0.14,0.16,0.31,0.05,0.02,0.02,0.02,0.21,0.03
NXPI,0.36,0.22,0.13,0.13,0.01,0.00,0.00,0.00,0.21,0.00
SO,0.20,0.19,0.12,0.31,0.35,0.02,0.01,0.01,0.20,0.10
GEN,0.40,0.24,0.10,0.06,0.26,0.04,0.01,0.01,0.20,0.08
NOW,0.31,0.09,0.11,0.27,0.03,0.01,0.01,0.01,0.20,0.01
HUBB,0.47,0.17,0.08,0.07,0.03,0.00,0.00,0.00,0.20,0.01
ED,0.17,0.21,0.15,0.25,0.44,0.03,0.01,0.02,0.19,0.13
EMN,0.20,0.14,0.16,0.26,0.03,0.00,0.00,0.00,0.19,0.01
WY,0.40,0.23,0.09,0.05,0.16,0.02,0.00,0.00,0.19,0.05
KLAC,0.35,0.15,0.11,0.14,0.02,0.00,0.00,0.00,0.19,0.01
MS,0.29,0.16,0.11,0.17,0.03,0.00,0.00,0.00,0.18,0.01
CPAY,0.33,0.18,0.11,0.09,0.02,0.00,0.00,0.00,0.18,0.01
XYL,0.23,0.17,0.14,0.10,0.09,0.01,0.00,0.00,0.16,0.03
AMGN,0.10,0.26,0.13,0.15,0.78,0.12,0.04,0.05,0.16,0.25
PKG,0.51,0.08,0.02,0.01,0.05,0.01,0.00,0.00,0.16,0.01
KO,0.20,0.24,0.10,0.08,0.56,0.06,0.02,0.03,0.15,0.17
T,0.14,0.26,0.12,0.10,0.72,0.15,0.06,0.07,0.15,0.25
NCLH,0.11,0.07,0.13,0.30,0.00,0.00,0.00,0.00,0.15,0.00
IPG,0.39,0.12,0.04,0.03,0.15,0.02,0.01,0.01,0.14,0.05
ODFL,0.22,0.14,0.11,0.08,0.01,0.00,0.00,0.00,0.14,0.00
OTIS,0.08,0.16,0.12,0.19,0.69,0.07,0.03,0.04,0.14,0.21
GEHC,0.32,0.12,0.06,0.04,0.06,0.01,0.00,0.00,0.13,0.02
CBOE,0.23,0.19,0.06,0.05,0.52,0.04,0.01,0.01,0.13,0.15
MCD,0.22,0.16,0.07,0.04,0.43,0.08,0.03,0.04,0.13,0.15
EXC,0.17,0.20,0.07,0.05,0.68,0.12,0.03,0.04,0.12,0.22
PAYX,0.21,0.18,0.06,0.04,0.59,0.09,0.03,0.04,0.12,0.19
EA,0.31,0.13,0.04,0.02,0.29,0.05,0.02,0.02,0.12,0.09
TEL,0.28,0.09,0.05,0.07,0.10,0.01,0.00,0.00,0.12,0.03
EVRG,0.06,0.18,0.12,0.12,0.83,0.20,0.05,0.05,0.12,0.28
VRSK,0.11,0.21,0.08,0.07,0.76,0.12,0.03,0.03,0.11,0.23
CFG,0.09,0.06,0.08,0.23,0.15,0.03,0.01,0.02,0.11,0.05
CTVA,0.27,0.09,0.05,0.04,0.05,0.01,0.00,0.00,0.11,0.02
ROP,0.12,0.21,0.06,0.05,0.76,0.10,0.01,0.02,0.11,0.22
VZ,0.08,0.13,0.08,0.13,0.69,0.07,0.02,0.04,0.10,0.20
CCEP,0.08,0.18,0.08,0.07,0.82,0.17,0.04,0.05,0.10,0.27
TMUS,0.06,0.18,0.08,0.07,0.83,0.18,0.05,0.05,0.10,0.28
LYV,0.25,0.08,0.03,0.03,0.08,0.01,0.00,0.00,0.10,0.03
AMT,0.07,0.12,0.07,0.13,0.70,0.06,0.02,0.03,0.10,0.20
HAL,0.23,0.08,0.04,0.03,0.24,0.03,0.01,0.01,0.10,0.07
PM,0.07,0.17,0.07,0.06,0.82,0.18,0.05,0.06,0.09,0.28
ECL,0.08,0.18,0.06,0.05,0.81,0.19,0.04,0.05,0.09,0.27
HAS,0.12,0.16,0.05,0.04,0.69,0.06,0.01,0.01,0.09,0.19
CPB,0.23,0.09,0.03,0.02,0.29,0.03,0.01,0.01,0.09,0.08
NFLX,0.09,0.08,0.07,0.12,0.21,0.06,0.05,0.07,0.09,0.10
LIN,0.08,0.16,0.05,0.06,0.81,0.12,0.01,0.02,0.09,0.24
AOS,0.20,0.06,0.04,0.04,0.17,0.02,0.00,0.01,0.09,0.05
PODD,0.20,0.08,0.04,0.03,0.04,0.01,0.00,0.00,0.09,0.01
TSCO,0.21,0.06,0.03,0.04,0.19,0.01,0.00,0.00,0.08,0.05
FSLR,0.16,0.12,0.03,0.03,0.63,0.10,0.03,0.04,0.08,0.20
PPL,0.05,0.15,0.07,0.07,0.84,0.18,0.03,0.04,0.08,0.27
DHI,0.20,0.08,0.03,0.03,0.15,0.02,0.00,0.01,0.08,0.04
DGX,0.07,0.17,0.05,0.04,0.81,0.16,0.03,0.04,0.08,0.26
PHM,0.17,0.08,0.04,0.04,0.18,0.02,0.00,0.01,0.08,0.05
F,0.21,0.08,0.03,0.02,0.27,0.04,0.01,0.01,0.08,0.08
MCO,0.20,0.07,0.03,0.02,0.16,0.02,0.00,0.00,0.08,0.05
ADP,0.07,0.15,0.05,0.05,0.80,0.11,0.02,0.03,0.08,0.24
K,0.13,0.13,0.04,0.03,0.71,0.13,0.04,0.04,0.08,0.23
CVS,0.07,0.16,0.05,0.05,0.83,0.16,0.03,0.03,0.08,0.26
GL,0.11,0.13,0.04,0.03,0.73,0.16,0.04,0.05,0.08,0.25
PPG,0.25,0.04,0.01,0.01,0.11,0.01,0.00,0.00,0.08,0.03
OMC,0.18,0.08,0.03,0.02,0.38,0.07,0.02,0.02,0.08,0.12
SBUX,0.08,0.15,0.04,0.03,0.81,0.18,0.03,0.03,0.08,0.26
TAP,0.16,0.08,0.04,0.02,0.23,0.02,0.00,0.01,0.07,0.07
FFIV,0.19,0.06,0.02,0.02,0.12,0.01,0.00,0.00,0.07,0.04
CRL,0.16,0.09,0.03,0.02,0.52,0.12,0.05,0.07,0.07,0.19
WM,0.06,0.14,0.05,0.04,0.84,0.15,0.03,0.03,0.07,0.26
VRTX,0.06,0.14,0.05,0.04,0.84,0.20,0.04,0.05,0.07,0.28
DUK,0.08,0.13,0.04,0.03,0.77,0.10,0.02,0.02,0.07,0.23
EBAY,0.18,0.05,0.03,0.02,0.11,0.01,0.01,0.01,0.07,0.03
PNW,0.08,0.12,0.04,0.04,0.76,0.09,0.02,0.02,0.07,0.22
AZN,0.10,0.12,0.03,0.02,0.75,0.19,0.06,0.08,0.07,0.27
VICI,0.05,0.07,0.04,0.11,0.64,0.05,0.01,0.03,0.07,0.18
STZ,0.17,0.06,0.02,0.01,0.47,0.08,0.02,0.03,0.07,0.15
KMB,0.05,0.07,0.07,0.07,0.53,0.06,0.04,0.06,0.06,0.17
APO,0.12,0.08,0.03,0.02,0.55,0.10,0.02,0.03,0.06,0.18
META,0.07,0.07,0.05,0.07,0.33,0.08,0.03,0.04,0.06,0.12
LW,0.10,0.09,0.03,0.03,0.70,0.08,0.02,0.03,0.06,0.21
RCL,0.12,0.06,0.03,0.05,0.01,0.00,0.00,0.00,0.06,0.00
CSCO,0.10,0.09,0.04,0.02,0.64,0.16,0.06,0.06,0.06,0.23
AEE,0.08,0.11,0.03,0.02,0.77,0.16,0.04,0.04,0.06,0.25
VRSN,0.13,0.08,0.02,0.02,0.64,0.16,0.06,0.06,0.06,0.23
BIIB,0.13,0.06,0.03,0.02,0.34,0.04,0.01,0.01,0.06,0.10
GD,0.14,0.06,0.02,0.01,0.34,0.05,0.01,0.01,0.06,0.10
CVX,0.08,0.08,0.04,0.04,0.65,0.12,0.03,0.03,0.06,0.21
AEP,0.08,0.10,0.03,0.02,0.77,0.17,0.04,0.05,0.06,0.26
MDLZ,0.04,0.06,0.06,0.06,0.53,0.08,0.05,0.08,0.05,0.18
WEC,0.06,0.10,0.03,0.02,0.81,0.16,0.04,0.05,0.05,0.26
ADSK,0.04,0.03,0.03,0.11,0.14,0.04,0.01,0.01,0.05,0.05
CME,0.11,0.06,0.02,0.01,0.64,0.12,0.05,0.06,0.05,0.22
TXT,0.12,0.05,0.02,0.01,0.43,0.07,0.02,0.02,0.05,0.14
RF,0.05,0.03,0.05,0.08,0.04,0.01,0.01,0.02,0.05,0.02
FTNT,0.04,0.10,0.04,0.02,0.86,0.28,0.06,0.06,0.05,0.32
NI,0.09,0.06,0.03,0.02,0.56,0.15,0.06,0.08,0.05,0.21
ELV,0.10,0.06,0.02,0.01,0.38,0.07,0.02,0.02,0.05,0.12
ICE,0.04,0.10,0.03,0.02,0.86,0.20,0.04,0.04,0.05,0.28
DFS,0.07,0.05,0.04,0.04,0.01,0.00,0.00,0.00,0.05,0.00
MRK,0.11,0.06,0.01,0.01,0.62,0.12,0.03,0.04,0.05,0.20
GILD,0.04,0.10,0.03,0.02,0.84,0.22,0.05,0.07,0.05,0.30
PLD,0.04,0.10,0.03,0.03,0.85,0.16,0.03,0.04,0.05,0.27
LHX,0.11,0.06,0.02,0.01,0.53,0.10,0.02,0.02,0.05,0.17
FAST,0.06,0.06,0.04,0.03,0.44,0.05,0.02,0.03,0.05,0.13
XOM,0.07,0.08,0.02,0.01,0.66,0.15,0.02,0.02,0.05,0.21
REGN,0.09,0.03,0.02,0.04,0.19,0.03,0.01,0.01,0.05,0.06
FCX,0.13,0.03,0.01,0.01,0.24,0.03,0.01,0.01,0.05,0.07
AMCR,0.05,0.08,0.02,0.03,0.77,0.08,0.01,0.01,0.04,0.22
TRGP,0.08,0.05,0.03,0.02,0.33,0.02,0.00,0.00,0.04,0.09
APP,0.07,0.05,0.03,0.02,0.42,0.05,0.01,0.01,0.04,0.12
MRNA,0.07,0.05,0.03,0.03,0.41,0.04,0.01,0.01,0.04,0.12
EXPD,0.05,0.06,0.04,0.03,0.46,0.07,0.03,0.03,0.04,0.15
MGM,0.03,0.08,0.04,0.03,0.85,0.27,0.04,0.04,0.04,0.30
CARR,0.10,0.05,0.02,0.01,0.49,0.07,0.02,0.02,0.04,0.15
CMCSA,0.11,0.04,0.02,0.01,0.38,0.06,0.02,0.02,0.04,0.12
SBAC,0.04,0.06,0.04,0.04,0.61,0.06,0.02,0.04,0.04,0.18
GPN,0.08,0.06,0.02,0.01,0.61,0.11,0.03,0.03,0.04,0.20
HST,0.07,0.06,0.02,0.02,0.65,0.13,0.04,0.06,0.04,0.22
UPS,0.13,0.02,0.01,0.01,0.17,0.02,0.01,0.01,0.04,0.05
UNP,0.07,0.06,0.02,0.01,0.60,0.10,0.02,0.02,0.04,0.19
ATO,0.03,0.08,0.03,0.03,0.85,0.16,0.03,0.04,0.04,0.27
AMD,0.06,0.06,0.02,0.01,0.76,0.21,0.06,0.07,0.04,0.27
DOW,0.10,0.04,0.01,0.01,0.56,0.08,0.02,0.02,0.04,0.17
CHRW,0.12,0.03,0.01,0.01,0.15,0.02,0.01,0.01,0.04,0.05
FI,0.03,0.08,0.03,0.02,0.89,0.31,0.04,0.05,0.04,0.32
LII,0.11,0.02,0.01,0.01,0.33,0.06,0.02,0.02,0.04,0.11
ETR,0.05,0.06,0.03,0.02,0.79,0.27,0.08,0.10,0.04,0.31
LDOS,0.07,0.04,0.02,0.03,0.34,0.05,0.01,0.02,0.04,0.10
O,0.03,0.03,0.04,0.06,0.06,0.01,0.01,0.01,0.04,0.02
OKE,0.10,0.03,0.01,0.01,0.26,0.02,0.01,0.01,0.04,0.07
DASH,0.04,0.06,0.03,0.02,0.67,0.15,0.04,0.04,0.04,0.23
JKHY,0.08,0.04,0.02,0.01,0.19,0.01,0.00,0.00,0.04,0.05
JNJ,0.03,0.06,0.02,0.03,0.76,0.13,0.04,0.07,0.04,0.25
DXCM,0.08,0.03,0.02,0.01,0.19,0.02,0.01,0.01,0.04,0.06
FDX,0.09,0.03,0.01,0.01,0.43,0.06,0.02,0.02,0.04,0.13
INTU,0.06,0.05,0.02,0.01,0.69,0.17,0.06,0.07,0.04,0.25
NSC,0.09,0.04,0.01,0.01,0.16,0.01,0.00,0.00,0.03,0.04
BG,0.08,0.04,0.01,0.01,0.54,0.10,0.02,0.03,0.03,0.17
AJG,0.02,0.06,0.03,0.02,0.86,0.25,0.08,0.09,0.03,0.32
BALL,0.08,0.03,0.01,0.01,0.54,0.10,0.03,0.03,0.03,0.18
DPZ,0.03,0.07,0.02,0.02,0.87,0.18,0.03,0.04,0.03,0.28
VLTO,0.08,0.03,0.01,0.01,0.59,0.09,0.03,0.03,0.03,0.19
D,0.09,0.02,0.01,0.00,0.05,0.00,0.00,0.00,0.03,0.01
JBHT,0.07,0.03,0.01,0.01,0.21,0.02,0.01,0.01,0.03,0.06
PRU,0.08,0.03,0.01,0.01,0.43,0.06,0.02,0.02,0.03,0.13
GPC,0.04,0.04,0.03,0.02,0.41,0.08,0.03,0.04,0.03,0.14
RSG,0.05,0.05,0.01,0.01,0.79,0.21,0.06,0.07,0.03,0.28
IBM,0.06,0.04,0.01,0.01,0.41,0.04,0.00,0.00,0.03,0.12
HON,0.08,0.03,0.01,0.01,0.35,0.05,0.02,0.02,0.03,0.11
WDC,0.03,0.06,0.02,0.01,0.86,0.22,0.01,0.01,0.03,0.28
MDT,0.06,0.04,0.01,0.01,0.58,0.12,0.04,0.03,0.03,0.19
LVS,0.04,0.04,0.02,0.01,0.76,0.27,0.08,0.10,0.03,0.30
ALB,0.07,0.03,0.01,0.01,0.58,0.10,0.03,0.03,0.03,0.18
STX,0.05,0.04,0.02,0.01,0.71,0.14,0.03,0.03,0.03,0.23
INVH,0.02,0.03,0.03,0.04,0.45,0.07,0.04,0.06,0.03,0.16
IR,0.05,0.04,0.01,0.01,0.65,0.13,0.03,0.03,0.03,0.21
EOG,0.07,0.03,0.01,0.00,0.37,0.02,0.00,0.00,0.03,0.10
PARA,0.07,0.03,0.01,0.00,0.20,0.01,0.00,0.00,0.03,0.05
TFX,0.07,0.02,0.01,0.01,0.22,0.03,0.01,0.02,0.03,0.07
MO,0.01,0.03,0.03,0.03,0.73,0.26,0.15,0.21,0.03,0.34
JPM,0.05,0.03,0.02,0.01,0.42,0.09,0.03,0.03,0.03,0.14
ADM,0.06,0.03,0.01,0.01,0.45,0.06,0.01,0.02,0.03,0.14
AES,0.07,0.03,0.01,0.00,0.61,0.13,0.04,0.06,0.03,0.21
PTC,0.06,0.02,0.01,0.01,0.24,0.04,0.02,0.03,0.03,0.08
MELI,0.02,0.05,0.02,0.02,0.89,0.36,0.09,0.09,0.03,0.36
BWA,0.07,0.02,0.01,0.01,0.29,0.04,0.01,0.02,0.03,0.09
LEN,0.06,0.02,0.01,0.01,0.27,0.03,0.01,0.01,0.03,0.08
BRO,0.01,0.03,0.02,0.04,0.82,0.14,0.06,0.09,0.03,0.28
HOLX,0.06,0.03,0.01,0.01,0.56,0.10,0.03,0.03,0.03,0.18
ENPH,0.07,0.02,0.01,0.00,0.26,0.02,0.01,0.01,0.03,0.07
V,0.04,0.04,0.01,0.01,0.81,0.29,0.08,0.08,0.02,0.31
FIS,0.08,0.01,0.00,0.00,0.35,0.02,0.00,0.00,0.02,0.09
NEM,0.05,0.02,0.01,0.01,0.28,0.04,0.01,0.01,0.02,0.09
APTV,0.06,0.02,0.01,0.01,0.23,0.03,0.01,0.01,0.02,0.07
CRWD,0.06,0.02,0.01,0.00,0.16,0.02,0.00,0.00,0.02,0.05
LYB,0.06,0.02,0.00,0.00,0.30,0.02,0.00,0.00,0.02,0.08
HRL,0.06,0.02,0.01,0.01,0.26,0.03,0.01,0.01,0.02,0.08
TPL,0.04,0.03,0.01,0.01,0.59,0.09,0.02,0.02,0.02,0.18
CL,0.04,0.02,0.02,0.01,0.19,0.05,0.03,0.03,0.02,0.08
WFC,0.02,0.02,0.02,0.03,0.58,0.14,0.04,0.05,0.02,0.20
DRI,0.04,0.03,0.01,0.01,0.75,0.19,0.04,0.04,0.02,0.25
FICO,0.04,0.03,0.01,0.01,0.75,0.23,0.09,0.11,0.02,0.29
ON,0.06,0.02,0.01,0.00,0.47,0.06,0.02,0.02,0.02,0.14
GRMN,0.05,0.03,0.01,0.01,0.58,0.09,0.02,0.03,0.02,0.18
VTRS,0.05,0.02,0.01,0.00,0.56,0.10,0.03,0.03,0.02,0.18
MCHP,0.05,0.02,0.01,0.01,0.21,0.01,0.00,0.00,0.02,0.05
GWW,0.04,0.02,0.01,0.01,0.52,0.10,0.03,0.04,0.02,0.17
KR,0.02,0.02,0.02,0.02,0.02,0.01,0.01,0.02,0.02,0.02
PEG,0.05,0.02,0.01,0.00,0.17,0.02,0.01,0.01,0.02,0.05
CLX,0.03,0.03,0.01,0.01,0.76,0.19,0.05,0.06,0.02,0.27
WELL,0.02,0.04,0.01,0.01,0.90,0.27,0.06,0.06,0.02,0.32
MKTX,0.04,0.03,0.01,0.01,0.65,0.14,0.03,0.04,0.02,0.22
LMT,0.04,0.02,0.01,0.01,0.61,0.13,0.03,0.04,0.02,0.20
EIX,0.05,0.02,0.00,0.00,0.55,0.12,0.05,0.07,0.02,0.20
PG,0.05,0.02,0.01,0.00,0.41,0.06,0.02,0.02,0.02,0.13
NVR,0.03,0.02,0.01,0.01,0.50,0.09,0.02,0.03,0.02,0.16
SJM,0.02,0.02,0.02,0.01,0.40,0.07,0.03,0.04,0.02,0.14
FOXA,0.02,0.03,0.01,0.01,0.84,0.37,0.13,0.12,0.02,0.36
EQT,0.02,0.03,0.02,0.01,0.80,0.22,0.05,0.06,0.02,0.28
HES,0.03,0.03,0.02,0.01,0.65,0.16,0.05,0.05,0.02,0.23
FOX,0.02,0.03,0.01,0.01,0.85,0.35,0.11,0.10,0.02,0.35
FTV,0.03,0.03,0.01,0.01,0.72,0.17,0.04,0.04,0.02,0.24
PSA,0.01,0.01,0.02,0.03,0.25,0.04,0.03,0.06,0.02,0.10
TROW,0.03,0.03,0.01,0.01,0.75,0.17,0.05,0.05,0.02,0.26
UBER,0.04,0.02,0.01,0.01,0.18,0.03,0.01,0.01,0.02,0.06
LKQ,0.05,0.02,0.01,0.00,0.24,0.02,0.01,0.01,0.02,0.07
BXP,0.03,0.02,0.01,0.01,0.66,0.14,0.04,0.05,0.02,0.22
NRG,0.01,0.02,0.02,0.02,0.83,0.46,0.23,0.18,0.02,0.42
PGR,0.01,0.03,0.01,0.02,0.88,0.19,0.06,0.07,0.02,0.30
MLM,0.04,0.01,0.01,0.01,0.21,0.03,0.01,0.01,0.02,0.06
AVY,0.03,0.02,0.01,0.01,0.58,0.11,0.03,0.04,0.02,0.19
CNP,0.03,0.02,0.01,0.00,0.63,0.14,0.04,0.04,0.02,0.21
AZO,0.03,0.02,0.01,0.01,0.71,0.19,0.05,0.05,0.02,0.25
DVN,0.04,0.01,0.00,0.00,0.41,0.02,0.00,0.00,0.02,0.11
ROK,0.05,0.01,0.00,0.00,0.04,0.00,0.00,0.00,0.02,0.01
CTSH,0.01,0.03,0.01,0.01,0.91,0.41,0.10,0.09,0.02,0.37
NWS,0.01,0.02,0.02,0.02,0.91,0.47,0.13,0.12,0.02,0.41
LNT,0.01,0.03,0.01,0.01,0.87,0.22,0.07,0.08,0.02,0.31
SPG,0.01,0.03,0.01,0.01,0.88,0.17,0.02,0.02,0.02,0.27
XEL,0.01,0.03,0.01,0.01,0.89,0.19,0.03,0.04,0.02,0.29
PNR,0.03,0.02,0.01,0.01,0.63,0.15,0.05,0.05,0.02,0.22
TFC,0.03,0.02,0.01,0.01,0.52,0.04,0.00,0.00,0.01,0.14
TEAM,0.01,0.01,0.01,0.02,0.62,0.17,0.05,0.05,0.01,0.23
GM,0.03,0.01,0.01,0.00,0.33,0.04,0.01,0.01,0.01,0.10
TSN,0.02,0.01,0.01,0.01,0.20,0.03,0.01,0.02,0.01,0.06
EG,0.03,0.02,0.01,0.00,0.67,0.18,0.07,0.07,0.01,0.25
CMG,0.02,0.02,0.01,0.01,0.81,0.27,0.09,0.09,0.01,0.32
ADBE,0.03,0.01,0.00,0.00,0.27,0.02,0.00,0.00,0.01,0.07
SYY,0.02,0.02,0.01,0.01,0.69,0.12,0.04,0.05,0.01,0.23
DE,0.02,0.02,0.01,0.00,0.73,0.21,0.05,0.05,0.01,0.26
MA,0.01,0.03,0.01,0.01,0.90,0.23,0.04,0.04,0.01,0.30
CAH,0.01,0.02,0.01,0.01,0.83,0.28,0.10,0.10,0.01,0.33
GNRC,0.03,0.01,0.00,0.00,0.30,0.04,0.01,0.02,0.01,0.09
MCK,0.01,0.02,0.01,0.01,0.83,0.38,0.12,0.11,0.01,0.36
TPR,0.03,0.01,0.01,0.00,0.51,0.10,0.03,0.03,0.01,0.17
LLY,0.01,0.02,0.01,0.01,0.85,0.42,0.20,0.20,0.01,0.42
HSY,0.01,0.02,0.01,0.01,0.76,0.17,0.05,0.07,0.01,0.26
COR,0.01,0.02,0.01,0.01,0.85,0.28,0.06,0.06,0.01,0.31
STLD,0.00,0.01,0.01,0.02,0.78,0.25,0.13,0.15,0.01,0.33
DELL,0.01,0.02,0.01,0.01,0.86,0.34,0.05,0.05,0.01,0.33
AXON,0.04,0.01,0.00,0.00,0.13,0.03,0.01,0.01,0.01,0.05
MAR,0.01,0.01,0.01,0.01,0.86,0.58,0.38,0.38,0.01,0.55
JBL,0.02,0.01,0.01,0.01,0.32,0.04,0.01,0.01,0.01,0.10
MDB,0.02,0.01,0.01,0.01,0.07,0.01,0.00,0.00,0.01,0.02
ALLE,0.02,0.01,0.00,0.00,0.56,0.13,0.04,0.04,0.01,0.19
ROL,0.01,0.02,0.01,0.01,0.90,0.29,0.08,0.08,0.01,0.34
YUM,0.01,0.02,0.01,0.00,0.81,0.28,0.11,0.14,0.01,0.34
KVUE,0.02,0.01,0.01,0.00,0.23,0.03,0.01,0.01,0.01,0.07
MNST,0.01,0.02,0.01,0.00,0.84,0.20,0.05,0.07,0.01,0.29
PCG,0.01,0.01,0.01,0.01,0.85,0.44,0.14,0.16,0.01,0.40
NTRS,0.02,0.01,0.01,0.01,0.19,0.03,0.01,0.01,0.01,0.06
RL,0.02,0.01,0.01,0.00,0.43,0.09,0.04,0.04,0.01,0.15
CPRT,0.01,0.00,0.01,0.02,0.15,0.08,0.08,0.10,0.01,0.10
NKE,0.03,0.00,0.00,0.00,0.03,0.00,0.00,0.00,0.01,0.01
KMX,0.01,0.02,0.01,0.00,0.89,0.34,0.07,0.06,0.01,0.34
ABT,0.01,0.02,0.01,0.01,0.90,0.31,0.07,0.07,0.01,0.34
ABBV,0.01,0.02,0.01,0.00,0.85,0.43,0.19,0.19,0.01,0.42
CRM,0.00,0.02,0.01,0.01,0.94,0.41,0.05,0.04,0.01,0.36
VTR,0.00,0.02,0.01,0.01,0.91,0.30,0.06,0.07,0.01,0.34
LH,0.01,0.01,0.01,0.00,0.83,0.33,0.10,0.09,0.01,0.34
BKNG,0.01,0.01,0.01,0.00,0.86,0.37,0.13,0.13,0.01,0.37
BA,0.02,0.01,0.00,0.00,0.05,0.00,0.00,0.00,0.01,0.01
BAX,0.02,0.01,0.00,0.00,0.15,0.01,0.00,0.00,0.01,0.04
RTX,0.01,0.01,0.01,0.00,0.85,0.38,0.13,0.12,0.01,0.37
MOH,0.02,0.00,0.00,0.00,0.02,0.01,0.02,0.03,0.01,0.02
BSX,0.02,0.01,0.00,0.00,0.65,0.16,0.05,0.05,0.01,0.23
SYK,0.01,0.01,0.01,0.00,0.87,0.39,0.12,0.12,0.01,0.38
ROST,0.00,0.00,0.01,0.02,0.78,0.21,0.16,0.27,0.01,0.35
CPT,0.01,0.01,0.01,0.00,0.87,0.40,0.15,0.16,0.01,0.40
ISRG,0.00,0.01,0.01,0.01,0.86,0.44,0.14,0.11,0.01,0.39
EQIX,0.01,0.01,0.01,0.00,0.86,0.33,0.14,0.13,0.01,0.36
FDS,0.01,0.01,0.01,0.00,0.84,0.31,0.11,0.12,0.01,0.35
BR,0.01,0.01,0.00,0.00,0.53,0.12,0.05,0.05,0.01,0.19
FE,0.00,0.01,0.01,0.01,0.92,0.54,0.16,0.15,0.01,0.44
CMI,0.01,0.01,0.01,0.00,0.91,0.42,0.09,0.07,0.01,0.37
WTW,0.01,0.01,0.01,0.00,0.85,0.40,0.15,0.14,0.01,0.39
NEE,0.01,0.01,0.00,0.00,0.23,0.03,0.01,0.01,0.01,0.07
TYL,0.00,0.01,0.01,0.01,0.92,0.47,0.14,0.13,0.01,0.42
MTB,0.01,0.01,0.00,0.01,0.17,0.01,0.00,0.00,0.01,0.04
GE,0.01,0.01,0.00,0.00,0.76,0.25,0.07,0.06,0.01,0.29
IRM,0.01,0.01,0.00,0.00,0.59,0.15,0.06,0.07,0.01,0.22
TTD,0.01,0.01,0.00,0.00,0.82,0.25,0.07,0.09,0.01,0.31
GLW,0.01,0.01,0.00,0.00,0.01,0.00,0.00,0.00,0.01,0.00
JCI,0.00,0.01,0.00,0.00,0.91,0.37,0.07,0.07,0.01,0.36
NDAQ,0.01,0.01,0.01,0.01,0.46,0.23,0.13,0.09,0.01,0.23
SOLV,0.01,0.01,0.00,0.00,0.88,0.37,0.10,0.10,0.01,0.36
INTC,0.00,0.01,0.01,0.01,0.87,0.28,0.08,0.09,0.01,0.33
DAY,0.01,0.01,0.00,0.00,0.85,0.38,0.13,0.12,0.01,0.37
TDG,0.01,0.01,0.00,0.00,0.85,0.37,0.11,0.08,0.01,0.35
SCHW,0.01,0.01,0.00,0.00,0.00,0.00,0.00,0.00,0.01,0.00
DOC,0.01,0.01,0.00,0.00,0.52,0.06,0.01,0.01,0.01,0.15
CZR,0.01,0.01,0.00,0.00,0.28,0.08,0.01,0.01,0.01,0.10
AME,0.00,0.00,0.00,0.01,0.72,0.21,0.09,0.11,0.01,0.28
ORLY,0.00,0.01,0.00,0.00,0.92,0.47,0.10,0.09,0.01,0.40
MMC,0.00,0.01,0.00,0.00,0.91,0.37,0.10,0.11,0.01,0.37
SRE,0.00,0.01,0.00,0.00,0.83,0.28,0.07,0.08,0.00,0.31
EXPE,0.00,0.00,0.00,0.01,0.73,0.18,0.08,0.11,0.00,0.28
ORCL,0.00,0.01,0.00,0.00,0.85,0.28,0.05,0.05,0.00,0.31
TDY,0.01,0.01,0.00,0.00,0.81,0.27,0.10,0.09,0.00,0.32
FRT,0.00,0.00,0.00,0.00,0.80,0.26,0.09,0.09,0.00,0.31
BBY,0.01,0.00,0.00,0.00,0.02,0.00,0.00,0.00,0.00,0.01
CBRE,0.01,0.00,0.00,0.00,0.77,0.36,0.34,0.30,0.00,0.44
KIM,0.00,0.01,0.00,0.00,0.86,0.39,0.16,0.16,0.00,0.39
DLR,0.00,0.01,0.00,0.00,0.80,0.36,0.22,0.23,0.00,0.40
PAYC,0.00,0.00,0.00,0.00,0.81,0.38,0.33,0.36,0.00,0.47
AON,0.00,0.01,0.00,0.00,0.90,0.37,0.12,0.13,0.00,0.38
PH,0.01,0.01,0.00,0.00,0.60,0.08,0.00,0.00,0.00,0.17
DIS,0.01,0.00,0.00,0.00,0.62,0.18,0.15,0.17,0.00,0.28
DDOG,0.00,0.01,0.00,0.00,0.88,0.54,0.29,0.27,0.00,0.50
PFG,0.00,0.01,0.00,0.00,0.89,0.35,0.11,0.11,0.00,0.36
USB,0.00,0.00,0.00,0.00,0.80,0.31,0.15,0.15,0.00,0.35
ALL,0.00,0.00,0.00,0.01,0.04,0.01,0.01,0.01,0.00,0.02
MMM,0.00,0.00,0.00,0.00,0.82,0.31,0.14,0.12,0.00,0.35
IDXX,0.00,0.00,0.00,0.00,0.60,0.13,0.05,0.05,0.00,0.21
HWM,0.00,0.00,0.00,0.00,0.84,0.35,0.11,0.10,0.00,0.35
CHD,0.01,0.00,0.00,0.00,0.18,0.01,0.00,0.00,0.00,0.05
TTWO,0.00,0.00,0.00,0.00,0.93,0.57,0.19,0.19,0.00,0.47
CI,0.01,0.00,0.00,0.00,0.06,0.02,0.00,0.00,0.00,0.02
ACN,0.00,0.00,0.00,0.00,0.93,0.66,0.19,0.11,0.00,0.47
WRB,0.00,0.00,0.00,0.00,0.87,0.43,0.20,0.21,0.00,0.43
TXN,0.00,0.00,0.00,0.00,0.86,0.37,0.16,0.16,0.00,0.39
CSX,0.01,0.00,0.00,0.00,0.01,0.00,0.00,0.00,0.00,0.00
DD,0.00,0.00,0.00,0.00,0.90,0.40,0.11,0.12,0.00,0.38
STE,0.00,0.00,0.00,0.00,0.90,0.58,0.24,0.19,0.00,0.48
C,0.00,0.00,0.00,0.00,0.01,0.00,0.00,0.00,0.00,0.00
TT,0.00,0.00,0.00,0.00,0.26,0.07,0.05,0.05,0.00,0.11
COF,0.00,0.00,0.00,0.00,0.89,0.64,0.28,0.19,0.00,0.50
HPQ,0.00,0.00,0.00,0.00,0.00,0.00,0.00,0.00,0.00,0.00
PANW,0.00,0.00,0.00,0.00,0.92,0.53,0.20,0.18,0.00,0.46
LUV,0.00,0.00,0.00,0.00,0.51,0.50,0.61,0.72,0.00,0.59
COO,0.00,0.00,0.00,0.00,0.64,0.61,0.83,0.89,0.00,0.74
GFS,0.01,0.00,0.00,0.00,0.01,0.00,0.00,0.00,0.00,0.00
HLT,0.00,0.00,0.00,0.00,0.90,0.51,0.22,0.21,0.00,0.46
ESS,0.00,0.00,0.00,0.00,0.87,0.28,0.13,0.17,0.00,0.36
CHTR,0.00,0.00,0.00,0.00,0.16,0.03,0.01,0.01,0.00,0.05
TGT,0.00,0.00,0.00,0.00,0.04,0.02,0.01,0.02,0.00,0.02
BLK,0.00,0.00,0.00,0.00,0.93,0.52,0.18,0.18,0.00,0.45
SPGI,0.00,0.00,0.00,0.00,0.90,0.50,0.27,0.25,0.00,0.48
MAA,0.00,0.00,0.00,0.00,0.90,0.47,0.20,0.20,0.00,0.44
COST,0.00,0.00,0.00,0.00,0.88,0.63,0.52,0.43,0.00,0.62
KEY,0.00,0.00,0.00,0.00,0.02,0.00,0.00,0.00,0.00,0.00
ABNB,0.00,0.00,0.00,0.00,0.91,0.49,0.18,0.17,0.00,0.44
CINF,0.00,0.00,0.00,0.00,0.84,0.49,0.35,0.41,0.00,0.52
BMY,0.00,0.00,0.00,0.00,0.02,0.00,0.00,0.00,0.00,0.01
KDP,0.00,0.00,0.00,0.00,0.86,0.59,0.39,0.40,0.00,0.56
EQR,0.00,0.00,0.00,0.00,0.89,0.52,0.27,0.28,0.00,0.49
REG,0.00,0.00,0.00,0.00,0.88,0.55,0.32,0.32,0.00,0.52
MSCI,0.00,0.00,0.00,0.00,0.84,0.36,0.18,0.16,0.00,0.38
CTAS,0.00,0.00,0.00,0.00,0.88,0.38,0.19,0.15,0.00,0.40
WMB,0.00,0.00,0.00,0.00,0.90,0.38,0.15,0.14,0.00,0.39
GDDY,0.00,0.00,0.00,0.00,0.58,0.56,0.76,0.82,0.00,0.68
WDAY,0.00,0.00,0.00,0.00,0.74,0.21,0.04,0.04,0.00,0.26
BEN,0.00,0.00,0.00,0.00,0.02,0.00,0.00,0.00,0.00,0.00
BK,0.00,0.00,0.00,0.00,0.85,0.41,0.21,0.19,0.00,0.41
WBD,0.00,0.00,0.00,0.00,0.62,0.13,0.07,0.11,0.00,0.23
PWR,0.00,0.00,0.00,0.00,0.00,0.00,0.00,0.00,0.00,0.00
TJX,0.00,0.00,0.00,0.00,0.93,0.63,0.38,0.36,0.00,0.58
UDR,0.00,0.00,0.00,0.00,0.85,0.49,0.30,0.32,0.00,0.49
AVB,0.00,0.00,0.00,0.00,0.91,0.63,0.42,0.40,0.00,0.59
WYNN,0.00,0.00,0.00,0.00,0.88,0.40,0.21,0.24,0.00,0.44
MKC,0.00,0.00,0.00,0.00,0.88,0.55,0.33,0.35,0.00,0.53
SW,0.00,0.00,0.00,0.00,0.03,0.00,0.00,0.00,0.00,0.01
AIG,0.00,0.00,0.00,0.00,0.01,0.00,0.00,0.00,0.00,0.00
NWSA,0.00,0.00,0.00,0.00,0.91,0.60,0.37,0.35,0.00,0.56
LOW,0.00,0.00,0.00,0.00,0.16,0.04,0.02,0.03,0.00,0.06
TRV,0.00,0.00,0.00,0.00,0.02,0.00,0.00,0.00,0.00,0.01
AIZ,0.00,0.00,0.00,0.00,0.95,0.57,0.17,0.13,0.00,0.46
WMT,0.00,0.00,0.00,0.00,0.84,0.53,0.37,0.39,0.00,0.53
PEP,0.00,0.00,0.00,0.00,0.85,0.49,0.29,0.29,0.00,0.48
UHS,0.00,0.00,0.00,0.00,0.01,0.00,0.01,0.01,0.00,0.01
HD,0.00,0.00,0.00,0.00,0.00,0.00,0.00,0.00,0.00,0.00
ERIE,0.00,0.00,0.00,0.00,0.89,0.59,0.42,0.39,0.00,0.57
AKAM,0.00,0.00,0.00,0.00,0.01,0.00,0.00,0.00,0.00,0.00
CB,0.00,0.00,0.00,0.00,0.88,0.61,0.46,0.44,0.00,0.60
MPC,0.00,0.00,0.00,0.00,0.02,0.00,0.00,0.00,0.00,0.01
HUM,0.00,0.00,0.00,0.00,0.02,0.01,0.01,0.01,0.00,0.01
APH,0.00,0.00,0.00,0.00,0.01,0.00,0.00,0.00,0.00,0.00
NVDA,0.00,0.00,0.00,0.00,0.80,0.33,0.12,0.14,0.00,0.35
ZTS,0.00,0.00,0.00,0.00,0.00,0.00,0.01,0.01,0.00,0.01
AFL,0.00,0.00,0.00,0.00,0.89,0.64,0.31,0.28,0.00,0.53
NTAP,0.00,0.00,0.00,0.00,0.01,0.00,0.00,0.01,0.00,0.01
CEG,0.00,0.00,0.00,0.00,0.79,0.76,0.91,0.94,0.00,0.85
MSFT,0.00,0.00,0.00,0.00,0.10,0.01,0.00,0.00,0.00,0.03
EW,0.00,0.00,0.00,0.00,0.69,0.55,0.68,0.76,0.00,0.67
HIG,0.00,0.00,0.00,0.00,0.01,0.00,0.00,0.00,0.00,0.00
DOV,0.00,0.00,0.00,0.00,0.00,0.00,0.00,0.00,0.00,0.00
ADI,0.00,0.00,0.00,0.00,0.00,0.00,0.00,0.00,0.00,0.00
MSI,0.00,0.00,0.00,0.00,0.91,0.70,0.58,0.63,0.00,0.71
IVZ,0.00,0.00,0.00,0.00,0.95,0.81,0.44,0.38,0.00,0.64
DTE,0.00,0.00,0.00,0.00,0.85,0.63,0.63,0.68,0.00,0.70
MET,0.00,0.00,0.00,0.00,0.86,0.76,0.78,0.82,0.00,0.81
ACGL,0.00,0.00,0.00,0.00,0.93,0.82,0.71,0.75,0.00,0.81
L,0.00,0.00,0.00,0.00,0.91,0.83,0.80,0.82,0.00,0.84
AMP,0.00,0.00,0.00,0.00,0.00,0.00,0.00,0.00,0.00,0.00
IP,0.00,0.00,0.00,0.00,0.00,0.00,0.00,0.00,0.00,0.00
BF.B,0.00,0.00,0.00,0.00,0.00,0.00,0.00,0.00,0.00,0.00
BRK.B,0.00,0.00,0.00,0.00,0.00,0.00,0.00,0.00,0.00,0.00
