Date,Open,High,Low,Close,Volume,Dividends,Stock Splits,EPS_Estimate,EPS_Reported,Surprise(%),Earnings_Date,stock
2022-12-22 00:00:00+00:00,44.336875832158746,45.23068510968493,44.09132379166444,45.21104049682617,1211800,0.0,0.0,,,,False,PHM
2022-12-23 00:00:00+00:00,44.89673663826493,45.230687581460074,44.533320647584844,44.97531509399414,963800,0.0,0.0,,,,False,PHM
2022-12-27 00:00:00+00:00,44.78869355792206,45.23068800850444,44.53332106804504,45.053890228271484,1092200,0.0,0.0,,,,False,PHM
2022-12-28 00:00:00+00:00,45.12264167467366,45.211040559246726,44.002924967965996,44.09132385253906,1221700,0.0,0.0,,,,False,PHM
2022-12-29 00:00:00+00:00,44.23865111247673,45.328902638627355,43.7966567441959,45.0047721862793,930500,0.0,0.0,,,,False,PHM
2022-12-30 00:00:00+00:00,44.46456389759622,44.94584379825789,44.30741074171104,44.71993637084961,1320800,0.0,0.0,,,,False,PHM
2023-01-03 00:00:00+00:00,45.574455974324074,45.66285485055065,44.71993225519166,45.378013610839844,1500600,0.0,0.0,,,,False,PHM
2023-01-04 00:00:00+00:00,46.04591348712454,46.812034551400586,45.69231799689673,46.56648254394531,2442900,0.0,0.0,,,,False,PHM
2023-01-05 00:00:00+00:00,45.95751329400401,47.07722981633343,45.77089137573165,46.82185363769531,2150800,0.0,0.0,,,,False,PHM
2023-01-06 00:00:00+00:00,47.16562875061336,47.666553183507276,46.96918640066089,47.450469970703125,1952700,0.0,0.0,,,,False,PHM
2023-01-09 00:00:00+00:00,47.68620343751252,48.22641715370399,47.23438860192158,47.273677825927734,1506800,0.0,0.0,,,,False,PHM
2023-01-10 00:00:00+00:00,46.88079385730553,47.64691500400297,46.56648755369495,47.56834030151367,1292900,0.0,0.0,,,,False,PHM
2023-01-11 00:00:00+00:00,48.12819732556277,49.03182698707617,47.980864610529395,48.94343185424805,1848100,0.0,0.0,,,,False,PHM
2023-01-12 00:00:00+00:00,49.10059158154911,49.611336569300896,48.246067714766546,49.41489791870117,2071700,0.0,0.0,,,,False,PHM
2023-01-13 00:00:00+00:00,48.48179014804906,50.02385649318208,48.393391273310314,49.83723831176758,2086000,0.0,0.0,,,,False,PHM
2023-01-17 00:00:00+00:00,49.90599306109712,50.45602717875219,49.66044104519356,50.1613655090332,2638400,0.0,0.0,,,,False,PHM
2023-01-18 00:00:00+00:00,50.3872713866556,51.34983481020019,49.97474581091919,50.06314468383789,2472600,0.0,0.0,,,,False,PHM
2023-01-19 00:00:00+00:00,50.0336812798869,50.151548954348286,49.00236348272335,49.28720474243164,1973300,0.0,0.0,,,,False,PHM
2023-01-20 00:00:00+00:00,49.52293612479009,49.84706663240385,48.599661756712635,49.807777404785156,1945100,0.0,0.0,,,,False,PHM
2023-01-23 00:00:00+00:00,49.63097741726951,50.53461087812596,49.52293391954275,50.15155029296875,1528400,0.0,0.0,,,,False,PHM
2023-01-24 00:00:00+00:00,50.731048837853564,51.07482016717124,49.896169721640454,50.70158004760742,1704400,0.0,0.0,,,,False,PHM
2023-01-25 00:00:00+00:00,50.2104762291116,51.26143857975082,50.131901530703594,51.05517578125,1662100,0.0,0.0,,,,False,PHM
2023-01-26 00:00:00+00:00,51.34001692704301,51.89005480215571,50.46585233302258,51.438236236572266,1800800,0.0,0.0,,,,False,PHM
2023-01-27 00:00:00+00:00,51.2614423074754,52.24365046337371,51.055179493975174,51.68379211425781,2225200,0.0,0.0,,,,False,PHM
2023-01-30 00:00:00+00:00,51.23197219823189,52.076671728310195,51.00606479432222,51.064998626708984,2971900,0.0,0.0,,,,False,PHM
2023-01-31 00:00:00+00:00,55.20009681080602,55.96621794149986,54.090200591775925,55.8778190612793,7896100,0.0,0.0,,,,False,PHM
2023-02-01 00:00:00+00:00,55.77960068304611,57.60650840699484,55.07240962943327,57.40024185180664,5325100,0.0,0.0,,,,False,PHM
2023-02-02 00:00:00+00:00,58.068144378261515,59.80665324138631,57.92081540487402,59.19768524169922,3653700,0.0,0.0,,,,False,PHM
2023-02-03 00:00:00+00:00,57.69491130612642,58.71640498635245,57.22344807300434,57.753841400146484,2772700,0.0,0.0,,,,False,PHM
2023-02-06 00:00:00+00:00,56.968073678077644,57.12522683490271,56.30999600475603,56.45732498168945,2527300,0.0,0.0,,,,False,PHM
2023-02-07 00:00:00+00:00,55.9662237949334,57.29220713692476,55.69120669296201,57.03683090209961,2849400,0.0,0.0,,,,False,PHM
2023-02-08 00:00:00+00:00,56.69305210956051,56.70287254184919,54.27681736245717,54.522369384765625,3785800,0.0,0.0,,,,False,PHM
2023-02-09 00:00:00+00:00,55.209919072435206,55.62244844274033,54.36521946608224,54.58130645751953,2636100,0.0,0.0,,,,False,PHM
2023-02-10 00:00:00+00:00,54.25717313164925,55.21973654975973,54.23752852146419,54.984004974365234,2657600,0.0,0.0,,,,False,PHM
2023-02-13 00:00:00+00:00,54.98400617236035,56.39838441506504,54.66969989620376,56.368919372558594,2632400,0.0,0.0,,,,False,PHM
2023-02-14 00:00:00+00:00,55.66173110476658,56.39838717812872,55.24920550216053,55.47511291503906,2125300,0.0,0.0,,,,False,PHM
2023-02-15 00:00:00+00:00,54.96436673940959,56.064442556411564,54.72863888349968,55.730491638183594,1496800,0.0,0.0,,,,False,PHM
2023-02-16 00:00:00+00:00,54.54201636104065,55.38671595389906,54.247354670859664,54.91525650024414,2438200,0.0,0.0,,,,False,PHM
2023-02-17 00:00:00+00:00,54.394687025405965,54.473261727076036,52.59724435772334,53.333900451660156,3175300,0.0,0.0,,,,False,PHM
2023-02-21 00:00:00+00:00,51.90969174783078,52.93118897585665,51.65431931423741,51.821292877197266,2617900,0.0,0.0,,,,False,PHM
2023-02-22 00:00:00+00:00,52.449913237176226,52.86243883439514,51.89005492847826,52.17489242553711,2212200,0.0,0.0,,,,False,PHM
2023-02-23 00:00:00+00:00,52.53830970956753,53.25532112916699,51.86058376398109,53.03923416137695,1901100,0.0,0.0,,,,False,PHM
2023-02-24 00:00:00+00:00,51.83111911702969,52.75439333283708,51.70343102174125,52.626708984375,2756800,0.0,0.0,,,,False,PHM
2023-02-27 00:00:00+00:00,53.35354347084978,53.53034122786224,52.54813313193816,52.74457550048828,1609600,0.0,0.0,,,,False,PHM
2023-02-28 00:00:00+00:00,52.64634910510391,53.97233219863209,52.64634910510391,53.69731140136719,3437300,0.0,0.0,,,,False,PHM
2023-03-01 00:00:00+00:00,53.432126905598956,54.41433509322521,53.16693024532064,53.25532913208008,2327400,0.0,0.0,,,,False,PHM
2023-03-02 00:00:00+00:00,52.72493516877862,53.45176712053853,52.449918078580474,53.31425857543945,2146300,0.0,0.0,,,,False,PHM
2023-03-03 00:00:00+00:00,54.031267270833304,54.581305169316146,53.51069816392251,54.208065032958984,2133200,0.0,0.0,,,,False,PHM
2023-03-06 00:00:00+00:00,53.91340104168393,54.43397012635447,53.47140665525306,53.815181732177734,2817700,0.0,0.0,,,,False,PHM
2023-03-07 00:00:00+00:00,54.03126094981516,54.3652118228924,53.058877118708,53.078521728515625,2893000,0.0,0.0,,,,False,PHM
2023-03-08 00:00:00+00:00,53.451767481107595,53.81518720626591,52.803510230677,53.77589797973633,2886800,0.0,0.0,,,,False,PHM
2023-03-09 00:00:00+00:00,53.85447315913183,54.84650171432642,53.432123366679484,53.47140884399414,2944600,0.0,0.0,,,,False,PHM
2023-03-10 00:00:00+00:00,53.78571865640072,54.18842386308447,51.477530916330146,52.518672943115234,3497000,0.0,0.0,,,,False,PHM
2023-03-13 00:00:00+00:00,51.467711820424974,53.667856117633065,51.31055865633868,53.245506286621094,4165700,0.0,0.0,,,,False,PHM
2023-03-14 00:00:00+00:00,53.91340000687962,54.679521097437345,53.461585196900785,54.04108810424805,3146000,0.0,0.0,,,,False,PHM
2023-03-15 00:00:00+00:00,53.45176243618652,54.82685526032191,52.597242447367826,53.6482048034668,3351600,0.0,0.0,,,,False,PHM
2023-03-16 00:00:00+00:00,53.66785246076617,55.19027433664608,52.96066139715157,54.9643669128418,3010400,0.0,0.0,,,,False,PHM
2023-03-17 00:00:00+00:00,55.12197151837527,55.200775284010746,54.097545110536224,54.590057373046875,8678900,0.16,0.0,,,,False,PHM
2023-03-20 00:00:00+00:00,54.737806679849314,55.240171237931065,54.333946818239454,54.53095245361328,2707900,0.0,0.0,,,,False,PHM
2023-03-21 00:00:00+00:00,55.072718362760725,55.653882954535675,54.77721177115333,54.984066009521484,2826800,0.0,0.0,,,,False,PHM
2023-03-22 00:00:00+00:00,55.693288052282384,56.313850803230594,55.08257013577248,55.09242248535156,3243300,0.0,0.0,,,,False,PHM
2023-03-23 00:00:00+00:00,55.93953969686225,57.0230650942489,55.02346665317877,55.545528411865234,2749400,0.0,0.0,,,,False,PHM
2023-03-24 00:00:00+00:00,55.36822732008916,56.087294768166515,54.43245327537441,55.81148910522461,2105700,0.0,0.0,,,,False,PHM
2023-03-27 00:00:00+00:00,56.07744297744246,56.5798038002259,55.62433262629346,55.70313262939453,1953900,0.0,0.0,,,,False,PHM
2023-03-28 00:00:00+00:00,55.88043938428226,56.707860113847545,55.86073844339139,56.412353515625,1683300,0.0,0.0,,,,False,PHM
2023-03-29 00:00:00+00:00,56.83591402605944,57.082170149432685,55.90998859733108,56.294151306152344,1711500,0.0,0.0,,,,False,PHM
2023-03-30 00:00:00+00:00,56.46160160891982,56.471453957735065,55.781936085902345,55.9296875,1456500,0.0,0.0,,,,False,PHM
2023-03-31 00:00:00+00:00,55.94939075582289,57.50573126687902,55.94939075582289,57.4072265625,2728800,0.0,0.0,,,,False,PHM
2023-04-03 00:00:00+00:00,57.160972449269494,58.264202631713026,57.160972449269494,58.11644744873047,1893900,0.0,0.0,,,,False,PHM
2023-04-04 00:00:00+00:00,57.988389632705385,58.35285139291019,57.13141939391628,57.545127868652344,2290100,0.0,0.0,,,,False,PHM
2023-04-05 00:00:00+00:00,57.28902852420929,57.96869412102678,57.19052757078201,57.751991271972656,1932000,0.0,0.0,,,,False,PHM
2023-04-06 00:00:00+00:00,57.48602909707888,57.70273568450974,56.54040650067719,56.97381591796875,2150700,0.0,0.0,,,,False,PHM
2023-04-10 00:00:00+00:00,56.747259310662486,57.988388467501906,56.402498497739806,57.456478118896484,2976600,0.0,0.0,,,,False,PHM
2023-04-11 00:00:00+00:00,58.126294335523724,59.347726373978865,58.00809244714751,58.86506271362305,3059700,0.0,0.0,,,,False,PHM
2023-04-12 00:00:00+00:00,59.24922446356005,59.49548058559052,58.687760805936186,58.8552131652832,2115300,0.0,0.0,,,,False,PHM
2023-04-13 00:00:00+00:00,59.18027342348395,59.18027342348395,58.30359846716379,58.323299407958984,2584000,0.0,0.0,,,,False,PHM
2023-04-14 00:00:00+00:00,58.56955907088269,59.308327486280014,58.461205768746474,59.239376068115234,2915700,0.0,0.0,,,,False,PHM
2023-04-17 00:00:00+00:00,59.07192588182654,59.88949433782654,59.05222493911236,59.682640075683594,2125000,0.0,0.0,,,,False,PHM
2023-04-18 00:00:00+00:00,60.20469604878965,61.780737494455074,60.08649416157507,61.65268325805664,3667500,0.0,0.0,,,,False,PHM
2023-04-19 00:00:00+00:00,61.24882387152524,61.65268376728349,60.815414443111834,61.50492858886719,2063900,0.0,0.0,,,,False,PHM
2023-04-20 00:00:00+00:00,62.75590835260451,63.52422624009649,61.78073622733702,61.869388580322266,3213600,0.0,0.0,,,,False,PHM
2023-04-21 00:00:00+00:00,61.9087848592384,62.22399238100233,61.248820284785815,61.88908767700195,2301000,0.0,0.0,,,,False,PHM
2023-04-24 00:00:00+00:00,61.416274572333045,63.06126364353261,61.416274572333045,62.903663635253906,4045500,0.0,0.0,,,,False,PHM
2023-04-25 00:00:00+00:00,63.8492940208927,65.09042711626289,63.53408645073502,63.97734451293945,6770700,0.0,0.0,,,,False,PHM
2023-04-26 00:00:00+00:00,63.74094366755425,64.44031026139872,63.445440784106204,63.662139892578125,4256500,0.0,0.0,,,,False,PHM
2023-04-27 00:00:00+00:00,64.52895185419143,65.2775650024414,63.88868447820559,65.2775650024414,3958200,0.0,0.0,,,,False,PHM
2023-04-28 00:00:00+00:00,65.46472463938446,66.19364063476134,65.28741993616951,66.14439392089844,3064600,0.0,0.0,,,,False,PHM
2023-05-01 00:00:00+00:00,66.04589186649031,66.39064891828932,64.57820003646867,64.79490661621094,3758400,0.0,0.0,,,,False,PHM
2023-05-02 00:00:00+00:00,64.7850570678711,64.94266459272897,63.73108116959044,64.7850570678711,3898400,0.0,0.0,,,,False,PHM
2023-05-03 00:00:00+00:00,65.01161047240859,66.20348909591931,64.98206094279804,65.49427032470703,4048100,0.0,0.0,,,,False,PHM
2023-05-04 00:00:00+00:00,65.55338044702827,65.99663844545661,64.83430928864745,65.3760757446289,3393800,0.0,0.0,,,,False,PHM
2023-05-05 00:00:00+00:00,65.75039643938804,66.21335923471727,65.06088217941372,66.01634979248047,2454600,0.0,0.0,,,,False,PHM
2023-05-08 00:00:00+00:00,65.70112544197343,66.89301159685749,65.6420263819474,66.76495361328125,2101400,0.0,0.0,,,,False,PHM
2023-05-09 00:00:00+00:00,66.94225727494388,67.70073027088692,66.62704976777191,66.71570587158203,3538200,0.0,0.0,,,,False,PHM
2023-05-10 00:00:00+00:00,67.25745249739518,67.49385620580956,66.01631987672747,66.7846450805664,3006200,0.0,0.0,,,,False,PHM
2023-05-11 00:00:00+00:00,66.93240890507245,67.2377715973023,66.47929855627677,67.09986877441406,1939100,0.0,0.0,,,,False,PHM
2023-05-12 00:00:00+00:00,67.2180705989957,67.84848568550528,66.65660692772494,67.40522766113281,2559700,0.0,0.0,,,,False,PHM
2023-05-15 00:00:00+00:00,67.23777187483212,67.66133269406292,66.81421105560133,67.52342987060547,2431100,0.0,0.0,,,,False,PHM
2023-05-16 00:00:00+00:00,66.8240478519868,68.63649655179657,66.60734880914613,68.3212890625,3037400,0.0,0.0,,,,False,PHM
2023-05-17 00:00:00+00:00,68.20309714243744,68.80396271390396,67.88788958979443,68.4592056274414,2595100,0.0,0.0,,,,False,PHM
2023-05-18 00:00:00+00:00,68.52815601682111,69.48363101007163,68.11444751927164,69.09947204589844,2702100,0.0,0.0,,,,False,PHM
2023-05-19 00:00:00+00:00,69.207825486955,69.30632643679152,67.68103446149635,68.14399719238281,2237400,0.0,0.0,,,,False,PHM
2023-05-22 00:00:00+00:00,68.17354166199024,68.87290812356459,66.35124792237932,66.41034698486328,2771900,0.0,0.0,,,,False,PHM
2023-05-23 00:00:00+00:00,65.42530891677481,65.43516126351895,64.18418377200292,64.70624542236328,4263800,0.0,0.0,,,,False,PHM
2023-05-24 00:00:00+00:00,65.00175892610032,65.5533777078152,64.43045047792188,64.77520751953125,2388000,0.0,0.0,,,,False,PHM
2023-05-25 00:00:00+00:00,65.53368657892707,66.09515031011715,65.21847900203339,65.52383422851562,2302300,0.0,0.0,,,,False,PHM
2023-05-26 00:00:00+00:00,65.05102782383767,65.41548964438779,64.52896596949668,64.88357543945312,2493400,0.0,0.0,,,,False,PHM
2023-05-30 00:00:00+00:00,65.27756819159617,65.77993277454546,64.90326159918433,65.6912841796875,2387700,0.0,0.0,,,,False,PHM
2023-05-31 00:00:00+00:00,65.51398443794278,65.7405358742805,64.30240094378335,65.09042358398438,6403100,0.0,0.0,,,,False,PHM
2023-06-01 00:00:00+00:00,65.14951287016771,66.3709410154676,65.05101193371671,66.29214477539062,2136500,0.0,0.0,,,,False,PHM
2023-06-02 00:00:00+00:00,66.46946270718612,68.40011000372465,66.46946270718612,68.34100341796875,2472200,0.0,0.0,,,,False,PHM
2023-06-05 00:00:00+00:00,68.21294163282235,68.73500337719268,67.44462378147433,68.3803939819336,1835700,0.0,0.0,,,,False,PHM
2023-06-06 00:00:00+00:00,68.65619628920288,71.16801146459747,68.65619628920288,71.09906005859375,3192100,0.0,0.0,,,,False,PHM
2023-06-07 00:00:00+00:00,71.16802409021042,71.7984392041235,70.38985379003688,70.49820709228516,3011600,0.0,0.0,,,,False,PHM
2023-06-08 00:00:00+00:00,70.29134801058659,70.7838602542061,70.07464142097155,70.14359283447266,2332300,0.0,0.0,,,,False,PHM
2023-06-09 00:00:00+00:00,70.13374076094873,71.27637277790332,69.77913134293803,70.91191101074219,2454700,0.0,0.0,,,,False,PHM
2023-06-12 00:00:00+00:00,71.07937253809213,72.3402027136,70.42925275157927,71.80828857421875,2365300,0.0,0.0,,,,False,PHM
2023-06-13 00:00:00+00:00,72.09393323951416,73.07895757118064,72.09393323951416,72.783447265625,3233300,0.0,0.0,,,,False,PHM
2023-06-14 00:00:00+00:00,72.85240445411192,73.4138680671472,71.74917440957775,72.15303802490234,2696600,0.0,0.0,,,,False,PHM
2023-06-15 00:00:00+00:00,73.01986172012445,73.39417583079523,72.2022971163306,72.85240936279297,2476700,0.0,0.0,,,,False,PHM
2023-06-16 00:00:00+00:00,72.63524012518324,73.84944279981599,72.05281176459464,72.5661392211914,5782900,0.16,0.0,,,,False,PHM
2023-06-20 00:00:00+00:00,73.01035552692241,74.2146919786452,72.85241383714404,73.91854095458984,2272200,0.0,0.0,,,,False,PHM
2023-06-21 00:00:00+00:00,73.34599519846192,74.95506337897625,73.14855866833427,74.77737426757812,2384800,0.0,0.0,,,,False,PHM
2023-06-22 00:00:00+00:00,74.39238163362354,75.34005437355992,74.16533150932102,75.07352447509766,2392100,0.0,0.0,,,,False,PHM
2023-06-23 00:00:00+00:00,74.88596347826139,75.53748520781615,74.68853447692568,75.29069519042969,4495300,0.0,0.0,,,,False,PHM
2023-06-26 00:00:00+00:00,75.38941028174652,76.48515846057617,74.89583029241543,75.05377197265625,2266400,0.0,0.0,,,,False,PHM
2023-06-27 00:00:00+00:00,75.44864512408218,77.78821722215868,75.26108229905104,77.65988159179688,2253600,0.0,0.0,,,,False,PHM
2023-06-28 00:00:00+00:00,77.29463870997205,78.1337232872458,76.58388223416195,76.72208404541016,3099700,0.0,0.0,,,,False,PHM
2023-06-29 00:00:00+00:00,76.45553755894267,76.69246137714786,75.5670996006886,76.32720947265625,1835500,0.0,0.0,,,,False,PHM
2023-06-30 00:00:00+00:00,76.77143509025073,77.14656073579646,76.0014514430854,76.6825942993164,2183600,0.0,0.0,,,,False,PHM
2023-07-03 00:00:00+00:00,77.00835622069353,77.04784352575352,75.70530527944737,76.29759979248047,1389600,0.0,0.0,,,,False,PHM
2023-07-05 00:00:00+00:00,77.10706994363753,77.35385994921019,75.79414530644698,76.1297836303711,2481900,0.0,0.0,,,,False,PHM
2023-07-06 00:00:00+00:00,75.29069119905732,75.3104386170042,73.37560588703737,74.046875,3177400,0.0,0.0,,,,False,PHM
2023-07-07 00:00:00+00:00,73.93829177348537,74.88596455004057,73.86919086888552,74.06661987304688,2728500,0.0,0.0,,,,False,PHM
2023-07-10 00:00:00+00:00,74.2048212241179,76.39631780137411,74.03700581847345,76.38644409179688,2127900,0.0,0.0,,,,False,PHM
2023-07-11 00:00:00+00:00,76.50490617893175,77.43283906393499,76.47529258156929,77.19591522216797,2423800,0.0,0.0,,,,False,PHM
2023-07-12 00:00:00+00:00,77.95602759796603,79.14061660352017,77.5414221991654,78.9728012084961,2332700,0.0,0.0,,,,False,PHM
2023-07-13 00:00:00+00:00,79.45650012660678,80.01918098169416,78.97279387293617,79.31829833984375,2997400,0.0,0.0,,,,False,PHM
2023-07-14 00:00:00+00:00,79.92046822584558,81.48018274614628,79.70329183296413,81.45056915283203,2401500,0.0,0.0,,,,False,PHM
2023-07-17 00:00:00+00:00,80.88790193774611,81.37160828352803,80.17714545251243,80.6509780883789,2150700,0.0,0.0,,,,False,PHM
2023-07-18 00:00:00+00:00,80.85827724172464,81.46043789811033,80.43379815082682,80.96685791015625,2203200,0.0,0.0,,,,False,PHM
2023-07-19 00:00:00+00:00,80.5423866120632,81.13468868006207,80.02906668875565,80.90763854980469,2436800,0.0,0.0,,,,False,PHM
2023-07-20 00:00:00+00:00,81.55916517067784,81.90466967819867,75.92248224919015,76.52464294433594,4334000,0.0,0.0,,,,False,PHM
2023-07-21 00:00:00+00:00,76.50489008161078,77.78820092781065,76.2284865224741,77.08731079101562,2257800,0.0,0.0,,,,False,PHM
2023-07-24 00:00:00+00:00,77.0281026810362,77.58090993618553,76.45554800595497,77.52168273925781,2845400,0.0,0.0,,,,False,PHM
2023-07-25 00:00:00+00:00,76.84053714821346,82.79311876756111,76.62336825663311,82.34889221191406,5395900,0.0,0.0,2.51,3.0,19.52,True,PHM
2023-07-26 00:00:00+00:00,83.22745650931873,83.90859931380703,82.16132944192653,83.21759033203125,4217400,0.0,0.0,,,,False,PHM
2023-07-27 00:00:00+00:00,83.90860890158064,84.90564271615385,82.06261679442966,82.56607055664062,2978100,0.0,0.0,,,,False,PHM
2023-07-28 00:00:00+00:00,83.74080022431448,84.07643107181818,82.92145546397144,83.73092651367188,2277600,0.0,0.0,,,,False,PHM
2023-07-31 00:00:00+00:00,84.21461234212951,84.39230143315817,82.1514516759832,83.30642700195312,1909500,0.0,0.0,,,,False,PHM
2023-08-01 00:00:00+00:00,83.01028426426402,84.08629262570982,82.75362807613818,83.53348541259766,1596300,0.0,0.0,,,,False,PHM
2023-08-02 00:00:00+00:00,82.89183029855208,83.29656200121757,81.39134281046995,82.48709106445312,2231100,0.0,0.0,,,,False,PHM
2023-08-03 00:00:00+00:00,82.0231165179532,82.03299022624083,79.44663598090384,80.4041748046875,2621500,0.0,0.0,,,,False,PHM
2023-08-04 00:00:00+00:00,81.11493577387733,83.51373488641437,80.51276756853116,83.2669448852539,2732200,0.0,0.0,,,,False,PHM
2023-08-07 00:00:00+00:00,83.26694632595576,84.6588455716716,83.12874452542935,84.53050994873047,1752700,0.0,0.0,,,,False,PHM
2023-08-08 00:00:00+00:00,84.00731282183307,85.01422021939653,83.30643013955374,84.90563201904297,1501700,0.0,0.0,,,,False,PHM
2023-08-09 00:00:00+00:00,84.82665746593324,84.99447285515407,83.76052287894268,83.97769927978516,1499600,0.0,0.0,,,,False,PHM
2023-08-10 00:00:00+00:00,84.47127878753399,85.05370708932246,81.00634516533255,81.89479064941406,1917500,0.0,0.0,,,,False,PHM
2023-08-11 00:00:00+00:00,81.84543894271633,82.57593523148405,81.40121242533479,81.70722961425781,1716800,0.0,0.0,,,,False,PHM
2023-08-14 00:00:00+00:00,81.54928322609668,83.00040954257325,81.16429145210485,82.96092224121094,1673200,0.0,0.0,,,,False,PHM
2023-08-15 00:00:00+00:00,82.88194451580634,84.23435629363964,81.97375921298789,83.1583480834961,2268200,0.0,0.0,,,,False,PHM
2023-08-16 00:00:00+00:00,83.11887321528232,83.64207436829885,81.2432751450262,81.49993133544922,2196100,0.0,0.0,,,,False,PHM
2023-08-17 00:00:00+00:00,81.88492519568663,82.36863905499214,77.64014139272021,77.7783432006836,3032300,0.0,0.0,,,,False,PHM
2023-08-18 00:00:00+00:00,77.13668997984955,78.69640475284206,76.78131173963774,78.28179931640625,2758800,0.0,0.0,,,,False,PHM
2023-08-21 00:00:00+00:00,78.38050480167423,78.70626940628968,76.01131931668574,76.95899200439453,2409100,0.0,0.0,,,,False,PHM
2023-08-22 00:00:00+00:00,76.95900094342596,78.72601843655775,76.95900094342596,77.81783294677734,2330200,0.0,0.0,,,,False,PHM
2023-08-23 00:00:00+00:00,78.42986626676958,80.02906832651288,77.90667262323949,78.63717651367188,2492600,0.0,0.0,,,,False,PHM
2023-08-24 00:00:00+00:00,78.59768912695432,79.4762610050967,77.3341178845487,77.36373901367188,2581800,0.0,0.0,,,,False,PHM
2023-08-25 00:00:00+00:00,77.57104521847386,77.78822165321068,74.15547205503016,76.17914581298828,2898900,0.0,0.0,,,,False,PHM
2023-08-28 00:00:00+00:00,76.41606788722176,77.0972032431464,75.92248783120746,76.77143859863281,2010400,0.0,0.0,,,,False,PHM
2023-08-29 00:00:00+00:00,76.50489776363563,78.97279769149483,75.76452778527786,78.88395690917969,2420200,0.0,0.0,,,,False,PHM
2023-08-30 00:00:00+00:00,78.91357594420597,80.89776220037848,78.43973581155628,80.05867767333984,2607200,0.0,0.0,,,,False,PHM
2023-08-31 00:00:00+00:00,80.0093214731425,81.1445494545309,79.34791854544602,81.00634765625,2823700,0.0,0.0,,,,False,PHM
2023-09-01 00:00:00+00:00,81.19392025505059,82.08236587355071,80.65097917390216,81.56903839111328,2120500,0.0,0.0,,,,False,PHM
2023-09-05 00:00:00+00:00,81.18403711543552,81.47031442211399,76.44567358618822,76.889892578125,2897600,0.0,0.0,,,,False,PHM
2023-09-06 00:00:00+00:00,77.12682024155507,78.4200051666967,76.85041660303145,78.19295501708984,2055800,0.0,0.0,,,,False,PHM
2023-09-07 00:00:00+00:00,78.09423169986144,80.42393000670853,77.7487271906751,79.94022369384766,2971200,0.0,0.0,,,,False,PHM
2023-09-08 00:00:00+00:00,79.65394963491384,80.48316049087383,79.12088228546796,79.68356323242188,1697500,0.0,0.0,,,,False,PHM
2023-09-11 00:00:00+00:00,79.99945633120402,82.10210465715865,79.86125451812347,80.6509780883789,2348900,0.0,0.0,,,,False,PHM
2023-09-12 00:00:00+00:00,80.34495917353138,81.12481654889793,77.0774616836183,77.36373901367188,2298100,0.0,0.0,,,,False,PHM
2023-09-13 00:00:00+00:00,77.40322655946156,78.1929501155343,75.41903266239086,75.97183990478516,2942600,0.0,0.0,,,,False,PHM
2023-09-14 00:00:00+00:00,76.80106122452246,77.62039840957749,76.01133010694163,77.571044921875,2480100,0.0,0.0,,,,False,PHM
2023-09-15 00:00:00+00:00,76.07739148151308,76.16641353720934,74.21773915221087,75.4443130493164,5885800,0.16,0.0,,,,False,PHM
2023-09-18 00:00:00+00:00,75.56300635840194,76.37412879129839,74.92004170562811,75.79051971435547,1876700,0.0,0.0,,,,False,PHM
2023-09-19 00:00:00+00:00,75.70149665709255,76.73023868095187,74.98929006005147,76.30489349365234,2135400,0.0,0.0,,,,False,PHM
2023-09-20 00:00:00+00:00,76.65110224404394,77.67984425859571,75.46409629091488,75.62236022949219,2485900,0.0,0.0,,,,False,PHM
2023-09-21 00:00:00+00:00,74.3067693289252,74.45513942289885,71.97231759093594,73.0999755859375,2872800,0.0,0.0,,,,False,PHM
2023-09-22 00:00:00+00:00,73.62423486333765,73.75282479049055,72.53614476961272,73.13954162597656,1600000,0.0,0.0,,,,False,PHM
2023-09-25 00:00:00+00:00,72.74386898076403,73.92098865178335,72.60538520144411,73.12964630126953,1817600,0.0,0.0,,,,False,PHM
2023-09-26 00:00:00+00:00,73.02083253191144,73.7231452447185,72.37786785075582,72.4767837524414,1852400,0.0,0.0,,,,False,PHM
2023-09-27 00:00:00+00:00,73.30769912382901,73.52531865103661,72.00198950738348,72.40754699707031,1763400,0.0,0.0,,,,False,PHM
2023-09-28 00:00:00+00:00,72.12069885145485,74.28698534699959,71.9723212032338,73.96055603027344,2267100,0.0,0.0,,,,False,PHM
2023-09-29 00:00:00+00:00,74.40569179593751,74.8706049228164,72.66474292085942,73.24835968017578,1559000,0.0,0.0,,,,False,PHM
2023-10-02 00:00:00+00:00,72.64494953020619,73.91109119182903,72.17014263369784,72.42733001708984,1939000,0.0,0.0,,,,False,PHM
2023-10-03 00:00:00+00:00,71.69534928228246,72.07123276114964,69.22241378415573,69.96429443359375,2567500,0.0,0.0,,,,False,PHM
2023-10-04 00:00:00+00:00,70.4489794168998,71.75468890492425,69.97417253634575,71.5766372680664,2393800,0.0,0.0,,,,False,PHM
2023-10-05 00:00:00+00:00,71.20076686510251,72.06134364509342,70.74574006233863,71.09195709228516,2311300,0.0,0.0,,,,False,PHM
2023-10-06 00:00:00+00:00,70.24126846373223,71.88329386121018,69.3609039491541,71.41838073730469,2387400,0.0,0.0,,,,False,PHM
2023-10-09 00:00:00+00:00,70.75563159348145,72.38777058531883,70.23137045811319,72.32842254638672,1444700,0.0,0.0,,,,False,PHM
2023-10-10 00:00:00+00:00,72.34819780550713,74.3661140071974,72.34819780550713,73.12964630126953,2037400,0.0,0.0,,,,False,PHM
2023-10-11 00:00:00+00:00,74.39579162591389,75.86965908962111,73.73304671468718,74.77167510986328,1979900,0.0,0.0,,,,False,PHM
2023-10-12 00:00:00+00:00,73.68357902965646,73.96054657931676,70.3500670325026,71.13151550292969,2107300,0.0,0.0,,,,False,PHM
2023-10-13 00:00:00+00:00,71.42826761851009,72.62516748722163,71.13151988849246,72.10090637207031,1823000,0.0,0.0,,,,False,PHM
2023-10-16 00:00:00+00:00,72.99116316770645,73.30769860135239,71.64588568801119,72.09101104736328,1692500,0.0,0.0,,,,False,PHM
2023-10-17 00:00:00+00:00,71.53708344356043,73.62424177273124,71.24032814160407,72.66474151611328,2057100,0.0,0.0,,,,False,PHM
2023-10-18 00:00:00+00:00,71.78436583254349,72.35808863534163,71.00291736944939,71.022705078125,1751100,0.0,0.0,,,,False,PHM
2023-10-19 00:00:00+00:00,71.2601072080096,71.527180909928,68.99489748184278,69.37078094482422,2991600,0.0,0.0,,,,False,PHM
2023-10-20 00:00:00+00:00,69.54883184752232,70.36984820060998,68.4607417953868,68.89598083496094,2673000,0.0,0.0,,,,False,PHM
2023-10-23 00:00:00+00:00,68.81685597025896,70.55780485695747,68.58934255993545,69.8060302734375,3260400,0.0,0.0,,,,False,PHM
2023-10-24 00:00:00+00:00,68.51020302332849,71.52717962109593,68.0551838247183,70.87432861328125,4691600,0.0,0.0,2.84,2.91,2.43,True,PHM
2023-10-25 00:00:00+00:00,71.03260060307147,71.06227462313582,69.44992330963427,70.25115203857422,2521400,0.0,0.0,,,,False,PHM
2023-10-26 00:00:00+00:00,71.06227475067955,72.78344338550728,70.7061789624676,71.5568618774414,2378100,0.0,0.0,,,,False,PHM
2023-10-27 00:00:00+00:00,72.18003907652759,72.18003907652759,70.92378367732144,71.14140319824219,2096300,0.0,0.0,,,,False,PHM
2023-10-30 00:00:00+00:00,71.81404105448406,72.33830214119496,70.42919574912712,71.44805145263672,1862900,0.0,0.0,,,,False,PHM
2023-10-31 00:00:00+00:00,71.94264444418152,73.12965049116063,71.6656693228727,72.79332733154297,2400100,0.0,0.0,,,,False,PHM
2023-11-01 00:00:00+00:00,72.76364612867718,76.60164655881076,72.29873308302288,76.3939208984375,3653700,0.0,0.0,,,,False,PHM
2023-11-02 00:00:00+00:00,78.45139554574797,80.66715096597771,78.32280562944871,79.30208587646484,3721200,0.0,0.0,,,,False,PHM
2023-11-03 00:00:00+00:00,81.78492041286198,83.33792355286533,81.68600450554202,82.46745300292969,3093700,0.0,0.0,,,,False,PHM
2023-11-06 00:00:00+00:00,81.61675001893461,82.23003307774371,80.67703017743223,80.97378540039062,2345300,0.0,0.0,,,,False,PHM
2023-11-07 00:00:00+00:00,81.12217998021443,82.41799579479463,80.77597051221213,81.14196014404297,1949800,0.0,0.0,,,,False,PHM
2023-11-08 00:00:00+00:00,81.35957630010707,81.73545977163644,80.39018228317333,80.8056411743164,1618600,0.0,0.0,,,,False,PHM
2023-11-09 00:00:00+00:00,80.81552911148673,81.50795557948295,79.72743900097863,80.03408813476562,1770200,0.0,0.0,,,,False,PHM
2023-11-10 00:00:00+00:00,80.62758117394084,81.75523901860021,79.72742914090962,81.478271484375,2055900,0.0,0.0,,,,False,PHM
2023-11-13 00:00:00+00:00,80.73639650928843,81.64643491233048,80.12310582195147,81.15184783935547,1935800,0.0,0.0,,,,False,PHM
2023-11-14 00:00:00+00:00,84.46557371945667,87.78919921752025,84.38643798216961,86.89894104003906,3182400,0.0,0.0,,,,False,PHM
2023-11-15 00:00:00+00:00,86.56263033430763,87.8485521767862,85.99880138139632,86.09771728515625,1833000,0.0,0.0,,,,False,PHM
2023-11-16 00:00:00+00:00,86.59230183693367,87.12645675789015,85.90976929124491,86.02847290039062,2212100,0.0,0.0,,,,False,PHM
2023-11-17 00:00:00+00:00,86.49338015950553,87.49244050259406,86.35489639815071,87.34407043457031,2079600,0.0,0.0,,,,False,PHM
2023-11-20 00:00:00+00:00,87.03743077895604,87.57158572209573,86.3252241881031,87.30451202392578,1407600,0.0,0.0,,,,False,PHM
2023-11-21 00:00:00+00:00,86.75056631031039,87.52212845437278,86.31533483432594,86.34500885009766,1576100,0.0,0.0,,,,False,PHM
2023-11-22 00:00:00+00:00,87.44300294119456,88.1947774647986,86.52307061068447,86.98798370361328,1498700,0.0,0.0,,,,False,PHM
2023-11-24 00:00:00+00:00,86.29554987013599,87.21548212231075,86.29554987013599,87.146240234375,613300,0.0,0.0,,,,False,PHM
2023-11-27 00:00:00+00:00,87.1363494654836,87.37375670121287,86.59230819723747,86.95830535888672,1563600,0.0,0.0,,,,False,PHM
2023-11-28 00:00:00+00:00,86.93850173794638,87.502330612713,86.41424072855972,86.6417465209961,1482900,0.0,0.0,,,,False,PHM
2023-11-29 00:00:00+00:00,87.55181521470134,87.89802469376691,86.93852446121329,87.0572280883789,1263600,0.0,0.0,,,,False,PHM
2023-11-30 00:00:00+00:00,86.72089557453118,87.57158594389348,85.65258568554601,87.46277618408203,2742900,0.0,0.0,,,,False,PHM
2023-12-01 00:00:00+00:00,87.55180808356228,90.42041469194305,87.55180808356228,90.03462982177734,2474700,0.0,0.0,,,,False,PHM
2023-12-04 00:00:00+00:00,89.25318886702122,90.45008870961733,88.83772997918123,90.03462982177734,1831800,0.0,0.0,,,,False,PHM
2023-12-05 00:00:00+00:00,89.97526732903182,90.60833809369353,89.52024818860615,89.93569946289062,1581900,0.0,0.0,,,,False,PHM
2023-12-06 00:00:00+00:00,91.00402618484803,92.76475504919728,91.00402618484803,91.45904541015625,2144200,0.0,0.0,,,,False,PHM
2023-12-07 00:00:00+00:00,91.76567889759612,93.46705957490492,91.48871135418297,93.43738555908203,2142500,0.0,0.0,,,,False,PHM
2023-12-08 00:00:00+00:00,92.97248066669216,95.57401363485968,92.97248066669216,95.26736450195312,2226900,0.0,0.0,,,,False,PHM
2023-12-11 00:00:00+00:00,94.83213358324068,95.51465865166487,94.34743278994783,95.01018524169922,1774200,0.0,0.0,,,,False,PHM
2023-12-12 00:00:00+00:00,95.26735633690318,95.57400544352787,94.76288297334564,94.95082092285156,1608000,0.0,0.0,,,,False,PHM
2023-12-13 00:00:00+00:00,95.73227219711691,97.80953638469508,94.32764672756214,96.89949798583984,3163500,0.0,0.0,,,,False,PHM
2023-12-14 00:00:00+00:00,98.61077437398238,103.95230879775856,98.61077437398238,103.74458312988281,4060700,0.0,0.0,,,,False,PHM
2023-12-15 00:00:00+00:00,102.4883481910457,103.99188978245697,101.0540484976573,101.3804702758789,6866200,0.0,0.0,,,,False,PHM
2023-12-18 00:00:00+00:00,101.3705419132842,101.39036831105648,99.50726128511664,101.09303283691406,2324600,0.2,0.0,,,,False,PHM
2023-12-19 00:00:00+00:00,101.41019128175402,103.2833851851776,100.79570147219945,102.0246810913086,2348100,0.0,0.0,,,,False,PHM
2023-12-20 00:00:00+00:00,101.88592423587819,103.28338284188371,101.07321582828952,101.17232513427734,1672300,0.0,0.0,,,,False,PHM
2023-12-21 00:00:00+00:00,102.92659034636588,103.20409944677627,100.6767779438482,101.51921844482422,1259400,0.0,0.0,,,,False,PHM
2023-12-22 00:00:00+00:00,102.11388188306871,102.14361392074755,101.07322275652982,101.51921844482422,1410200,0.0,0.0,,,,False,PHM
2023-12-26 00:00:00+00:00,101.83636590303955,102.70853838277426,101.49939275003592,102.26254272460938,1111800,0.0,0.0,,,,False,PHM
2023-12-27 00:00:00+00:00,102.44094326715808,103.36267418761446,102.03458527914093,103.00587463378906,1177900,0.0,0.0,,,,False,PHM
2023-12-28 00:00:00+00:00,102.37156745529605,103.28338518959887,102.12379040391664,102.56978607177734,880700,0.0,0.0,,,,False,PHM
2023-12-29 00:00:00+00:00,102.27246065094373,102.92658815059114,101.80663857309709,102.30219268798828,1227800,0.0,0.0,,,,False,PHM
2024-01-02 00:00:00+00:00,100.92455040856815,101.64805516431085,99.8045932966499,100.64704132080078,2533700,0.0,0.0,,,,False,PHM
2024-01-03 00:00:00+00:00,99.11082282035635,100.40917217960519,98.14944662914998,99.57664489746094,2018700,0.0,0.0,,,,False,PHM
2024-01-04 00:00:00+00:00,99.01170987609304,100.57766263395717,98.79366486404165,99.41806030273438,1984900,0.0,0.0,,,,False,PHM
2024-01-05 00:00:00+00:00,98.972069169933,101.42010772562179,98.972069169933,100.57766723632812,1601900,0.0,0.0,,,,False,PHM
2024-01-08 00:00:00+00:00,101.42010236346744,102.8472930076952,101.3308986948283,102.80765533447266,1538100,0.0,0.0,,,,False,PHM
2024-01-09 00:00:00+00:00,101.63814356219342,102.64907054567304,101.41018536115853,102.3913803100586,1289000,0.0,0.0,,,,False,PHM
2024-01-10 00:00:00+00:00,103.77893626812751,105.16648922772842,103.60053649387089,104.27449035644531,1421500,0.0,0.0,,,,False,PHM
2024-01-11 00:00:00+00:00,103.01578582593037,104.93853053791241,102.53013737729025,104.87906646728516,1341400,0.0,0.0,,,,False,PHM
2024-01-12 00:00:00+00:00,105.1962240775732,105.44400112836108,103.08516632702054,103.97716522216797,1113800,0.0,0.0,,,,False,PHM
2024-01-16 00:00:00+00:00,103.1545304897403,103.8582163171657,102.39137303582582,103.19417572021484,1620400,0.0,0.0,,,,False,PHM
2024-01-17 00:00:00+00:00,102.27245832510651,103.05543471621517,101.54894600673467,102.82747650146484,1705300,0.0,0.0,,,,False,PHM
2024-01-18 00:00:00+00:00,104.26457596610632,104.85924691453717,102.0444957930449,103.30320739746094,1439300,0.0,0.0,,,,False,PHM
2024-01-19 00:00:00+00:00,103.72939521356298,105.27552169574797,102.56979279036823,105.1268539428711,1543000,0.0,0.0,,,,False,PHM
2024-01-22 00:00:00+00:00,105.93955119328075,108.28848026740756,105.43408391169797,108.2686538696289,2386900,0.0,0.0,,,,False,PHM
2024-01-23 00:00:00+00:00,105.3349882794816,107.14871827232693,101.5291360599598,102.67881774902344,3189200,0.0,0.0,,,,False,PHM
2024-01-24 00:00:00+00:00,103.62036612521528,104.22494273675247,100.7362376116636,101.44983673095703,2313500,0.0,0.0,,,,False,PHM
2024-01-25 00:00:00+00:00,102.21298174059555,104.2150244567378,101.99494429726838,104.19519805908203,2157500,0.0,0.0,,,,False,PHM
2024-01-26 00:00:00+00:00,103.97716329356582,105.39444073869102,103.6104505430417,104.18529510498047,1891800,0.0,0.0,,,,False,PHM
2024-01-29 00:00:00+00:00,104.12582750680795,105.65213507788032,103.6500997941563,105.11693572998047,2840400,0.0,0.0,,,,False,PHM
2024-01-30 00:00:00+00:00,106.85137216151682,109.76523267664885,104.26457916574765,104.6114730834961,3473100,0.0,0.0,3.22,3.28,1.81,True,PHM
2024-01-31 00:00:00+00:00,104.1952032882795,106.77209068088113,103.36267602227998,103.6302719116211,2255500,0.0,0.0,,,,False,PHM
2024-02-01 00:00:00+00:00,104.82951243190732,106.05849206116777,103.51134425451957,105.7809829711914,1563700,0.0,0.0,,,,False,PHM
2024-02-02 00:00:00+00:00,103.86813811753264,106.21705961563922,102.41120791353707,105.0277328491211,1641300,0.0,0.0,,,,False,PHM
2024-02-05 00:00:00+00:00,103.96725457856375,104.1060091254913,102.34183769036471,103.4221420288086,1893500,0.0,0.0,,,,False,PHM
2024-02-06 00:00:00+00:00,103.61045873130962,103.61045873130962,100.63713394202544,101.65797424316406,2195200,0.0,0.0,,,,False,PHM
2024-02-07 00:00:00+00:00,102.4112094891693,103.35275923035262,101.86609696855456,102.09405517578125,1765500,0.0,0.0,,,,False,PHM
2024-02-08 00:00:00+00:00,102.36164622804971,103.1743545903733,101.29124763526596,102.34182739257812,1430900,0.0,0.0,,,,False,PHM
2024-02-09 00:00:00+00:00,102.10395995917348,103.00587202000027,101.24170069393823,102.1832504272461,1695500,0.0,0.0,,,,False,PHM
2024-02-12 00:00:00+00:00,102.48058527361263,105.39443812264705,102.24272143240792,104.74031066894531,1516800,0.0,0.0,,,,False,PHM
2024-02-13 00:00:00+00:00,100.40916578331962,102.33191804324879,99.3486803491593,101.09303283691406,2120500,0.0,0.0,,,,False,PHM
2024-02-14 00:00:00+00:00,102.54997184013378,103.58072532754848,101.31108652760014,102.89685821533203,1390600,0.0,0.0,,,,False,PHM
2024-02-15 00:00:00+00:00,103.48160997266358,103.99698290550084,102.25263037006893,103.55098724365234,1336900,0.0,0.0,,,,False,PHM
2024-02-16 00:00:00+00:00,102.14360497623537,102.48058568405057,100.38934685279762,100.54792022705078,1528000,0.0,0.0,,,,False,PHM
2024-02-20 00:00:00+00:00,99.60637870391959,102.3319263798975,99.34868844277332,102.12379455566406,1704500,0.0,0.0,,,,False,PHM
2024-02-21 00:00:00+00:00,103.68973945651553,104.92862466888357,101.67778351992341,102.6986312866211,1264800,0.0,0.0,,,,False,PHM
2024-02-22 00:00:00+00:00,103.69964810841128,105.17640476880263,103.29329767895081,103.74920654296875,1462400,0.0,0.0,,,,False,PHM
2024-02-23 00:00:00+00:00,104.18529953800974,105.88009369868911,104.18529953800974,104.7997817993164,1013300,0.0,0.0,,,,False,PHM
2024-02-26 00:00:00+00:00,104.99800883155038,106.23689412525262,104.77996381000986,105.25569152832031,1527400,0.0,0.0,,,,False,PHM
2024-02-27 00:00:00+00:00,105.87018294865366,106.95049487302103,105.12685176125115,105.90982818603516,1653200,0.0,0.0,,,,False,PHM
2024-02-28 00:00:00+00:00,105.55301984739347,106.3459094060805,104.85924715470875,105.483642578125,1226700,0.0,0.0,,,,False,PHM
2024-02-29 00:00:00+00:00,106.32608046663007,107.76319181220306,105.99901296437329,107.41629791259766,2580300,0.0,0.0,,,,False,PHM
2024-03-01 00:00:00+00:00,107.41630008186388,110.4193641702024,107.08924013455719,110.22113800048828,1836800,0.0,0.0,,,,False,PHM
2024-03-04 00:00:00+00:00,111.23207421950431,112.42140100928924,109.80487602251814,110.04273986816406,2510000,0.0,0.0,,,,False,PHM
2024-03-05 00:00:00+00:00,109.65620848179869,112.06460166279251,108.81376804071392,109.4678955078125,2096300,0.0,0.0,,,,False,PHM
2024-03-06 00:00:00+00:00,110.45900231704934,110.667141686532,109.2894943761558,110.4490966796875,2046500,0.0,0.0,,,,False,PHM
2024-03-07 00:00:00+00:00,111.48975956810705,113.69993418649126,111.48975956810705,112.78811645507812,1864200,0.0,0.0,,,,False,PHM
2024-03-08 00:00:00+00:00,113.34313211387011,114.17565935584781,110.89509369846778,111.67807006835938,1284900,0.0,0.0,,,,False,PHM
2024-03-11 00:00:00+00:00,111.22216268307844,111.34109082690154,108.13981559640615,109.86434173583984,1464400,0.0,0.0,,,,False,PHM
2024-03-12 00:00:00+00:00,109.63638933736172,111.93576000712216,108.76420930160602,111.1626968383789,1528400,0.0,0.0,,,,False,PHM
2024-03-13 00:00:00+00:00,111.54922683319344,113.77922020120131,111.0933104237877,113.26383972167969,1988300,0.0,0.0,,,,False,PHM
2024-03-14 00:00:00+00:00,113.5418393289862,113.81983492396314,108.43861283601848,108.9350357055664,2828700,0.2,0.0,,,,False,PHM
2024-03-15 00:00:00+00:00,107.82305706041832,110.65266619867711,107.81312648103842,110.10660552978516,4465500,0.0,0.0,,,,False,PHM
2024-03-18 00:00:00+00:00,110.51366721441435,110.94059122546986,108.24004934854321,109.39175415039062,1596400,0.0,0.0,,,,False,PHM
2024-03-19 00:00:00+00:00,108.77618241325357,110.81151931426506,108.34925842022828,110.61295318603516,1635300,0.0,0.0,,,,False,PHM
2024-03-20 00:00:00+00:00,110.7519457881139,113.77019018444793,110.06687980072138,113.17448425292969,1512700,0.0,0.0,,,,False,PHM
2024-03-21 00:00:00+00:00,114.46519497734991,116.33174238354728,114.43541081485506,115.22968292236328,1625600,0.0,0.0,,,,False,PHM
2024-03-22 00:00:00+00:00,115.50767631003114,116.5700285839324,114.66375889810645,115.61688995361328,1645300,0.0,0.0,,,,False,PHM
2024-03-25 00:00:00+00:00,114.97154885113508,116.4409564211174,114.82262046334719,114.86233520507812,1107300,0.0,0.0,,,,False,PHM
2024-03-26 00:00:00+00:00,115.05096549712229,115.99417352675974,114.88218353359558,115.1601791381836,1360900,0.0,0.0,,,,False,PHM
2024-03-27 00:00:00+00:00,116.17288755131257,117.41394478392479,115.4878215349707,117.16573333740234,1407500,0.0,0.0,,,,False,PHM
2024-03-28 00:00:00+00:00,117.33451860907972,120.02512985621576,117.2451585469115,119.75706481933594,1624200,0.0,0.0,,,,False,PHM
2024-04-01 00:00:00+00:00,119.62798539900463,120.21376834559862,117.01680373571811,117.58272552490234,1246300,0.0,0.0,,,,False,PHM
2024-04-02 00:00:00+00:00,115.00133922546539,115.20983594970528,111.55616283604509,113.38299560546875,2025400,0.0,0.0,,,,False,PHM
2024-04-03 00:00:00+00:00,112.88656177291152,114.91196806621427,112.69792622622406,114.79283142089844,1461000,0.0,0.0,,,,False,PHM
2024-04-04 00:00:00+00:00,116.25230721421012,116.90758905629534,112.43978310509932,113.02555847167969,1778800,0.0,0.0,,,,False,PHM
2024-04-05 00:00:00+00:00,113.28370556690587,115.80553483686448,113.05535527217654,115.51760864257812,1298900,0.0,0.0,,,,False,PHM
2024-04-08 00:00:00+00:00,115.73603575018952,116.15302917236782,114.1871987107773,114.22691345214844,1679800,0.0,0.0,,,,False,PHM
2024-04-09 00:00:00+00:00,115.05096833320498,115.18004313481127,111.9532942916507,114.5644760131836,1307100,0.0,0.0,,,,False,PHM
2024-04-10 00:00:00+00:00,110.19594591046321,111.05972442609108,108.31946807893696,108.61732482910156,2239000,0.0,0.0,,,,False,PHM
2024-04-11 00:00:00+00:00,108.63718229524218,110.77180221491464,108.63718229524218,109.78888702392578,1175400,0.0,0.0,,,,False,PHM
2024-04-12 00:00:00+00:00,109.1137492587903,110.11652558557265,108.49818216788009,110.09666442871094,1534600,0.0,0.0,,,,False,PHM
2024-04-15 00:00:00+00:00,110.11652391390604,110.74201399893968,107.64433258417633,108.01168823242188,1839600,0.0,0.0,,,,False,PHM
2024-04-16 00:00:00+00:00,106.60185824907622,106.85999270799655,104.59630545400317,106.09550476074219,1576900,0.0,0.0,,,,False,PHM
2024-04-17 00:00:00+00:00,107.28691845812578,107.41599326449804,105.21187429981485,105.39058685302734,1285000,0.0,0.0,,,,False,PHM
2024-04-18 00:00:00+00:00,108.71660968021561,108.87546863620602,105.16222007545552,105.20193481445312,1905500,0.0,0.0,,,,False,PHM
2024-04-19 00:00:00+00:00,105.48986105716936,107.21741054318178,103.85166405284858,104.67572784423828,2319200,0.0,0.0,,,,False,PHM
2024-04-22 00:00:00+00:00,105.55935644771617,107.05855560302734,104.43744351317075,107.05855560302734,2698900,0.0,0.0,,,,False,PHM
2024-04-23 00:00:00+00:00,106.29406732683073,112.43978516042195,105.06294067427771,111.95329284667969,3514500,0.0,0.0,2.36,2.96,25.25,True,PHM
2024-04-24 00:00:00+00:00,112.58871463267512,113.79998771416544,110.39452633539028,111.45687103271484,2045200,0.0,0.0,,,,False,PHM
2024-04-25 00:00:00+00:00,109.21303782401118,110.84130432740237,106.34371407261987,110.56330871582031,1889800,0.0,0.0,,,,False,PHM
2024-04-26 00:00:00+00:00,111.49658640210917,113.88934084189745,111.21858321518657,112.98585510253906,1747100,0.0,0.0,,,,False,PHM
2024-04-29 00:00:00+00:00,113.6709109496389,114.46519060159596,112.8468547111377,113.74040985107422,1238900,0.0,0.0,,,,False,PHM
2024-04-30 00:00:00+00:00,112.45963451734366,113.51205616085527,110.27537690216758,110.62287139892578,1547700,0.0,0.0,,,,False,PHM
2024-05-01 00:00:00+00:00,110.78173104185878,114.05811748495226,109.6498874883595,111.02001190185547,1416300,0.0,0.0,,,,False,PHM
2024-05-02 00:00:00+00:00,112.1022220494287,113.09506784177232,110.2058829501425,113.03549194335938,1679100,0.0,0.0,,,,False,PHM
2024-05-03 00:00:00+00:00,116.77852658690898,119.876200657947,115.75588904250074,115.80553436279297,1875000,0.0,0.0,,,,False,PHM
2024-05-06 00:00:00+00:00,117.28486555042177,117.89050206302812,116.12323784256182,116.80830383300781,1653700,0.0,0.0,,,,False,PHM
2024-05-07 00:00:00+00:00,116.93737558879879,117.90043721422387,116.08352760593607,116.11331176757812,1887300,0.0,0.0,,,,False,PHM
2024-05-08 00:00:00+00:00,114.97153946504388,115.87502514752306,114.25668932187116,114.96160888671875,1293400,0.0,0.0,,,,False,PHM
2024-05-09 00:00:00+00:00,115.29918238406806,116.80831227281331,115.19989931700093,116.15303039550781,1277900,0.0,0.0,,,,False,PHM
2024-05-10 00:00:00+00:00,116.38138844957747,117.23523646235604,116.0239633477254,116.83809661865234,1614500,0.0,0.0,,,,False,PHM
2024-05-13 00:00:00+00:00,117.71179021700485,117.71179021700485,115.4481031089566,115.5473861694336,1254400,0.0,0.0,,,,False,PHM
2024-05-14 00:00:00+00:00,116.19274094923433,116.46081355294686,115.01125204172753,115.34882354736328,1351900,0.0,0.0,,,,False,PHM
2024-05-15 00:00:00+00:00,117.70187192846396,121.47468140141251,117.6025812891974,121.19668579101562,2897700,0.0,0.0,,,,False,PHM
2024-05-16 00:00:00+00:00,120.78961819782974,121.84203227426501,117.56286949384948,117.81108093261719,1872900,0.0,0.0,,,,False,PHM
2024-05-17 00:00:00+00:00,118.21814727783203,118.61528710666303,117.00687420856296,118.21814727783203,1319800,0.0,0.0,,,,False,PHM
2024-05-20 00:00:00+00:00,118.1784317807587,119.41948900365135,118.1784317807587,118.34721374511719,1541100,0.0,0.0,,,,False,PHM
2024-05-21 00:00:00+00:00,118.098994377699,118.54577949285442,116.53030391005778,117.05651092529297,1084800,0.0,0.0,,,,False,PHM
2024-05-22 00:00:00+00:00,115.84525670209725,116.51046161869307,112.30079724039312,113.38299560546875,2004000,0.0,0.0,,,,False,PHM
2024-05-23 00:00:00+00:00,114.09782990591277,114.38575607768102,111.48664835305237,111.93342590332031,1378200,0.0,0.0,,,,False,PHM
2024-05-24 00:00:00+00:00,113.15463598759034,113.9687692330405,112.8071414757785,113.4822769165039,812900,0.0,0.0,,,,False,PHM
2024-05-28 00:00:00+00:00,113.7205560413888,114.19711777176184,111.6554350102733,112.44971466064453,1335800,0.0,0.0,,,,False,PHM
2024-05-29 00:00:00+00:00,111.28808574108353,112.46957470582669,110.70231033575504,111.73487091064453,1511700,0.0,0.0,,,,False,PHM
2024-05-30 00:00:00+00:00,112.76742252302641,115.04104020797332,112.48942692396075,114.9417495727539,1343400,0.0,0.0,,,,False,PHM
2024-05-31 00:00:00+00:00,115.69632561368223,116.57995781362557,114.43541471791555,116.48067474365234,3452400,0.0,0.0,,,,False,PHM
2024-06-03 00:00:00+00:00,116.94730565437638,116.94730565437638,114.46519119760164,114.66375732421875,1481400,0.0,0.0,,,,False,PHM
2024-06-04 00:00:00+00:00,113.88933832760189,114.48504427966019,111.3575861376511,112.08235931396484,1364100,0.0,0.0,,,,False,PHM
2024-06-05 00:00:00+00:00,112.59863650940419,114.8623235343761,111.59586021332042,114.74317932128906,1333800,0.0,0.0,,,,False,PHM
2024-06-06 00:00:00+00:00,114.76304256301023,115.04104575028116,113.01563940618128,113.67091369628906,1477400,0.0,0.0,,,,False,PHM
2024-06-07 00:00:00+00:00,110.08674538423824,111.22851962943028,108.06133893641884,110.74202728271484,1628000,0.0,0.0,,,,False,PHM
2024-06-10 00:00:00+00:00,109.92788756763228,112.72771240484,109.49103299415758,112.58871459960938,1828300,0.0,0.0,,,,False,PHM
2024-06-11 00:00:00+00:00,111.75471703094108,112.12207269140492,109.80874023796787,110.15623474121094,1247000,0.0,0.0,,,,False,PHM
2024-06-12 00:00:00+00:00,115.78567867236954,117.25508619860406,114.00848380058696,114.5346908569336,2509800,0.0,0.0,,,,False,PHM
2024-06-13 00:00:00+00:00,114.55454557882267,115.09068321934033,112.87664132913406,114.64390563964844,908200,0.0,0.0,,,,False,PHM
2024-06-14 00:00:00+00:00,113.22413544846269,113.72055834630329,111.63558369033521,113.27377319335938,1458800,0.0,0.0,,,,False,PHM
2024-06-17 00:00:00+00:00,112.93620983481671,113.66099060227846,112.09229241914538,113.59149169921875,1324600,0.0,0.0,,,,False,PHM
2024-06-18 00:00:00+00:00,112.6068539563428,113.12403453762035,110.17011747257864,110.53811645507812,1916700,0.2,0.0,,,,False,PHM
2024-06-20 00:00:00+00:00,110.32924377694115,111.6619831821212,108.73791031251851,110.09054565429688,2068300,0.0,0.0,,,,False,PHM
2024-06-21 00:00:00+00:00,110.37898100672204,110.96578216552734,108.1908907549254,110.96578216552734,3713700,0.0,0.0,,,,False,PHM
2024-06-24 00:00:00+00:00,110.96578151881482,113.21354439384366,110.76686767348205,112.06977081298828,1522000,0.0,0.0,,,,False,PHM
2024-06-25 00:00:00+00:00,111.79128871308005,111.79128871308005,108.50915713919244,109.4440689086914,1496300,0.0,0.0,,,,False,PHM
2024-06-26 00:00:00+00:00,108.76775196629849,109.81206863473346,108.40970097072517,109.45401763916016,1224200,0.0,0.0,,,,False,PHM
2024-06-27 00:00:00+00:00,109.36450146521379,109.7822250987664,108.61856315326548,109.1556396484375,1204000,0.0,0.0,,,,False,PHM
2024-06-28 00:00:00+00:00,109.51368637175297,110.91604639769263,108.4494813917574,109.50373840332031,3680600,0.0,0.0,,,,False,PHM
2024-07-01 00:00:00+00:00,109.8916331318302,110.38892535400637,105.37621884390126,105.65470886230469,2152300,0.0,0.0,,,,False,PHM
2024-07-02 00:00:00+00:00,102.51181980422423,104.55072097878647,102.19355308111999,103.95396423339844,2588500,0.0,0.0,,,,False,PHM
2024-07-03 00:00:00+00:00,103.7053204406735,106.07243636058037,103.31743310033333,104.49104309082031,1180700,0.0,0.0,,,,False,PHM
2024-07-05 00:00:00+00:00,104.23244963643998,104.81925079850194,102.68089279049916,103.38704681396484,1853300,0.0,0.0,,,,False,PHM
2024-07-08 00:00:00+00:00,104.40151866845193,105.28669811793988,103.45665899908104,104.68994903564453,1543400,0.0,0.0,,,,False,PHM
2024-07-09 00:00:00+00:00,104.21255655252222,105.92324300576875,103.68542801268913,104.13298797607422,1445400,0.0,0.0,,,,False,PHM
2024-07-10 00:00:00+00:00,104.7993584320187,106.72884696158854,104.5208684327512,106.56971740722656,1439600,0.0,0.0,,,,False,PHM
2024-07-11 00:00:00+00:00,110.3789759278877,114.31752909420598,109.81206314458605,113.22348022460938,2624500,0.0,0.0,,,,False,PHM
2024-07-12 00:00:00+00:00,114.35731716100233,116.91339875453247,114.35731716100233,115.70000457763672,2337200,0.0,0.0,,,,False,PHM
2024-07-15 00:00:00+00:00,116.21718598453828,117.62949401580086,115.26238586813217,115.61048889160156,2146300,0.0,0.0,,,,False,PHM
2024-07-16 00:00:00+00:00,117.69911325283884,124.1241350997096,117.31122594718349,123.88542938232422,2862100,0.0,0.0,,,,False,PHM
2024-07-17 00:00:00+00:00,122.67202803813827,123.6268356757005,120.94145342269972,121.06080627441406,2643500,0.0,0.0,,,,False,PHM
2024-07-18 00:00:00+00:00,122.99031225372347,129.14679220337706,122.7715024685935,124.12413787841797,3257700,0.0,0.0,,,,False,PHM
2024-07-19 00:00:00+00:00,123.92521344130573,125.6259518371551,122.91074070254663,124.0843505859375,2098800,0.0,0.0,,,,False,PHM
2024-07-22 00:00:00+00:00,123.60695166619846,124.98942341595631,122.13497096007556,124.95958709716797,2564600,0.0,0.0,,,,False,PHM
2024-07-23 00:00:00+00:00,120.05628771160954,126.27244050664406,119.35013366466288,124.98942565917969,3585300,0.0,0.0,3.27,3.77,15.38,True,PHM
2024-07-24 00:00:00+00:00,124.64131822470095,125.19828306730957,121.75702191190645,121.8962631225586,2765700,0.0,0.0,,,,False,PHM
2024-07-25 00:00:00+00:00,122.51290060869884,126.36194477717393,121.38902302424424,124.32304382324219,2618100,0.0,0.0,,,,False,PHM
2024-07-26 00:00:00+00:00,127.58529513144012,130.2209379175082,126.9388137056192,129.28604125976562,2541400,0.0,0.0,,,,False,PHM
2024-07-29 00:00:00+00:00,129.7932640214732,132.7869575979402,128.88818857644125,132.19021606445312,2915700,0.0,0.0,,,,False,PHM
2024-07-30 00:00:00+00:00,132.42891917246646,133.910855530452,131.15585223551906,132.45875549316406,2031200,0.0,0.0,,,,False,PHM
2024-07-31 00:00:00+00:00,133.4334469406167,134.8855316680856,130.0916427447034,131.28514099121094,1866700,0.0,0.0,,,,False,PHM
2024-08-01 00:00:00+00:00,132.22006258284523,132.80686378103184,127.33664916653935,128.5798797607422,2417700,0.0,0.0,,,,False,PHM
2024-08-02 00:00:00+00:00,125.6060681419876,128.38095960268478,123.46771010724852,126.97859191894531,1964000,0.0,0.0,,,,False,PHM
2024-08-05 00:00:00+00:00,118.43511264341227,124.68110148612111,117.80851961255509,122.69193267822266,2255000,0.0,0.0,,,,False,PHM
2024-08-06 00:00:00+00:00,121.44870105986752,126.46140732038529,120.23530688408134,122.98036193847656,2052000,0.0,0.0,,,,False,PHM
2024-08-07 00:00:00+00:00,124.74078023438359,126.33211384106121,119.26062536351495,119.33024597167969,2348400,0.0,0.0,,,,False,PHM
2024-08-08 00:00:00+00:00,120.74255500536952,122.27421598489383,119.50927239918424,121.46859741210938,1261600,0.0,0.0,,,,False,PHM
2024-08-09 00:00:00+00:00,122.10512129939733,124.00478111222775,121.15032120277726,122.35376739501953,1564100,0.0,0.0,,,,False,PHM
2024-08-12 00:00:00+00:00,122.3537718259403,122.68198650518598,120.09606853468394,121.29951477050781,1294500,0.0,0.0,,,,False,PHM
2024-08-13 00:00:00+00:00,122.22447803947779,124.05451730718846,121.66751319577654,122.9107437133789,1350000,0.0,0.0,,,,False,PHM
2024-08-14 00:00:00+00:00,123.4577620529436,124.31310526624772,120.66298224440166,121.21000671386719,1683600,0.0,0.0,,,,False,PHM
2024-08-15 00:00:00+00:00,122.33388733416481,122.73172263172874,119.84742620948666,121.85648345947266,1644000,0.0,0.0,,,,False,PHM
2024-08-16 00:00:00+00:00,121.34924848185739,123.65668405694012,121.06081808646243,121.92610168457031,1439800,0.0,0.0,,,,False,PHM
2024-08-19 00:00:00+00:00,122.99031024971158,124.53191151314827,121.77691607054514,124.5020751953125,1430000,0.0,0.0,,,,False,PHM
2024-08-20 00:00:00+00:00,124.87007163066912,126.42162083138851,123.63678153915086,124.064453125,1390000,0.0,0.0,,,,False,PHM
2024-08-21 00:00:00+00:00,126.37189894951047,128.98766093340498,125.68564083259982,127.84387969970703,2025500,0.0,0.0,,,,False,PHM
2024-08-22 00:00:00+00:00,127.95326702950572,129.28602155563925,127.33662960587463,128.5201873779297,1656300,0.0,0.0,,,,False,PHM
2024-08-23 00:00:00+00:00,130.4496921204405,134.85569367972846,129.5048399859986,134.398193359375,2783700,0.0,0.0,,,,False,PHM
2024-08-26 00:00:00+00:00,134.51754826335505,135.7309425190836,132.6875164985743,132.9063262939453,1386800,0.0,0.0,,,,False,PHM
2024-08-27 00:00:00+00:00,131.68295233942462,132.30954529094595,130.32037673490538,130.86740112304688,1149400,0.0,0.0,,,,False,PHM
2024-08-28 00:00:00+00:00,130.24081098991385,131.97139313453323,129.40536382057428,130.3999481201172,1227700,0.0,0.0,,,,False,PHM
2024-08-29 00:00:00+00:00,130.69832916700628,131.2453535783771,128.3710054998858,129.42526245117188,1206000,0.0,0.0,,,,False,PHM
2024-08-30 00:00:00+00:00,130.53921451018763,131.57357570384588,128.55004552717526,130.93704223632812,2317000,0.0,0.0,,,,False,PHM
2024-09-03 00:00:00+00:00,130.97683341247327,133.48319056695578,126.86919462820403,128.092529296875,2032200,0.0,0.0,,,,False,PHM
2024-09-04 00:00:00+00:00,127.13772216043087,127.74441923471448,124.66120160943976,127.59522247314453,1844700,0.0,0.0,,,,False,PHM
2024-09-05 00:00:00+00:00,127.95327200849933,128.68926989926325,126.42161876963198,127.5753402709961,1816300,0.0,0.0,,,,False,PHM
2024-09-06 00:00:00+00:00,128.23176184433686,131.8819000167185,128.23176184433686,129.49488830566406,2570500,0.0,0.0,,,,False,PHM
2024-09-09 00:00:00+00:00,129.3059131040488,132.33939857625182,128.75890382191116,130.88731384277344,2105400,0.0,0.0,,,,False,PHM
2024-09-10 00:00:00+00:00,131.83217216241087,132.2598361922641,129.66397016521083,131.98135375976562,1678300,0.0,0.0,,,,False,PHM
2024-09-11 00:00:00+00:00,130.29057556188422,131.03651397158967,127.16758069363034,130.7281951904297,1823300,0.0,0.0,,,,False,PHM
2024-09-12 00:00:00+00:00,131.21551616238503,134.80596655070497,131.10612644452883,134.56727600097656,1466900,0.0,0.0,,,,False,PHM
2024-09-13 00:00:00+00:00,136.25806403639714,140.00765150774367,136.25806403639714,138.7843017578125,1968600,0.0,0.0,,,,False,PHM
2024-09-16 00:00:00+00:00,139.96785285493678,140.41541278209456,137.0736238987015,139.30148315429688,1810300,0.0,0.0,,,,False,PHM
2024-09-17 00:00:00+00:00,140.43694582195886,140.86522141140944,138.31544667069613,139.89910888671875,1453500,0.2,0.0,,,,False,PHM
2024-09-18 00:00:00+00:00,140.2676219787202,143.60423522398582,138.17600188036712,140.42698669433594,2211600,0.0,0.0,,,,False,PHM
2024-09-19 00:00:00+00:00,144.29147016107504,145.25759777142025,140.65605217837506,144.40103149414062,2182400,0.0,0.0,,,,False,PHM
2024-09-20 00:00:00+00:00,142.70783041517004,143.23571271947304,140.3273751492841,141.2935028076172,7599500,0.0,0.0,,,,False,PHM
2024-09-23 00:00:00+00:00,142.46877831293915,143.24567744806947,139.62019881031028,142.96678161621094,1582700,0.0,0.0,,,,False,PHM
2024-09-24 00:00:00+00:00,142.17995405001787,143.6440850903894,141.43294903749586,142.6879119873047,1958300,0.0,0.0,,,,False,PHM
2024-09-25 00:00:00+00:00,141.432952529916,142.17000296503258,139.54054586393994,139.89910888671875,1641200,0.0,0.0,,,,False,PHM
2024-09-26 00:00:00+00:00,141.3333421201636,141.5325556148814,139.11225147433382,139.4110565185547,1202800,0.0,0.0,,,,False,PHM
2024-09-27 00:00:00+00:00,140.95487683326556,144.03253398471728,140.02858267050578,142.59828186035156,1343800,0.0,0.0,,,,False,PHM
2024-09-30 00:00:00+00:00,142.07038757746886,143.12615219205784,140.616211185206,142.9568328857422,1249800,0.0,0.0,,,,False,PHM
2024-10-01 00:00:00+00:00,143.7636056696929,144.9588106887375,142.21979222107612,144.03253173828125,1305900,0.0,0.0,,,,False,PHM
2024-10-02 00:00:00+00:00,142.45884187090198,143.43492421429255,141.08434771541357,142.72776794433594,1072600,0.0,0.0,,,,False,PHM
2024-10-03 00:00:00+00:00,142.41898749751195,143.23570499683444,140.52656586149078,142.39906311035156,1124100,0.0,0.0,,,,False,PHM
2024-10-04 00:00:00+00:00,143.0464637666565,143.0464637666565,137.25966782245942,138.88316345214844,1457700,0.0,0.0,,,,False,PHM
2024-10-07 00:00:00+00:00,137.1600820124889,139.35129359579167,136.0246350430958,138.87319946289062,1766100,0.0,0.0,,,,False,PHM
2024-10-08 00:00:00+00:00,139.68992710354826,141.36321091398946,138.3851608756282,139.61024475097656,977400,0.0,0.0,,,,False,PHM
2024-10-09 00:00:00+00:00,139.77956199097846,140.28753508140485,137.98674707917417,138.83335876464844,1253100,0.0,0.0,,,,False,PHM
2024-10-10 00:00:00+00:00,137.3294087141278,139.3911346810655,136.93099691525507,138.10629272460938,966200,0.0,0.0,,,,False,PHM
2024-10-11 00:00:00+00:00,138.36525385141422,139.59033788049783,138.06644879123718,138.64413452148438,785800,0.0,0.0,,,,False,PHM
2024-10-14 00:00:00+00:00,139.02260828281166,142.1102197402779,138.42499822118327,141.9707794189453,1087300,0.0,0.0,,,,False,PHM
2024-10-15 00:00:00+00:00,142.90701832870673,145.78547670649138,142.90701832870673,144.04246520996094,1397400,0.0,0.0,,,,False,PHM
2024-10-16 00:00:00+00:00,145.66596895127532,146.871143654954,145.18789002652693,146.21377563476562,1246300,0.0,0.0,,,,False,PHM
2024-10-17 00:00:00+00:00,146.21377816270714,146.71178148397124,144.87913290920466,145.37713623046875,1430500,0.0,0.0,,,,False,PHM
2024-10-18 00:00:00+00:00,146.61217563283026,148.72372006238203,145.5265320333528,148.44482421875,1657100,0.0,0.0,,,,False,PHM
2024-10-21 00:00:00+00:00,148.15598952446965,148.87311552992912,143.25563861906681,143.6839141845703,2396600,0.0,0.0,,,,False,PHM
2024-10-22 00:00:00+00:00,138.02660609369497,138.95288500143067,133.24577104015523,133.27565002441406,3692800,0.0,0.0,3.11,3.35,7.76,True,PHM
2024-10-23 00:00:00+00:00,132.15015598415175,134.59038445260987,131.44299976832906,132.6282501220703,2521200,0.0,0.0,,,,False,PHM
2024-10-24 00:00:00+00:00,133.7138993823021,136.12423377088837,133.33541197325053,135.29754638671875,2026300,0.0,0.0,,,,False,PHM
2024-10-25 00:00:00+00:00,135.46686657264777,135.73579263858974,131.8414027717707,131.94100952148438,1655400,0.0,0.0,,,,False,PHM
2024-10-28 00:00:00+00:00,133.47485322769447,134.6999524187867,132.30952720517396,133.3453826904297,1328500,0.0,0.0,,,,False,PHM
2024-10-29 00:00:00+00:00,124.09246703516233,129.540624721286,121.59249577139201,129.0625457763672,3715700,0.0,0.0,,,,False,PHM
2024-10-30 00:00:00+00:00,128.48485946415713,131.47287945169566,128.05658389424727,129.7398223876953,1405900,0.0,0.0,,,,False,PHM
2024-10-31 00:00:00+00:00,128.96293771643704,130.16811245868283,128.0565832087722,129.0127410888672,1858600,0.0,0.0,,,,False,PHM
2024-11-01 00:00:00+00:00,130.66610857912525,131.97087479639893,127.69801315985838,127.8673324584961,1809900,0.0,0.0,,,,False,PHM
2024-11-04 00:00:00+00:00,128.8035810919929,131.9708747920314,128.69401975783626,128.972900390625,1801100,0.0,0.0,,,,False,PHM
2024-11-05 00:00:00+00:00,127.87729658707228,132.82745098507291,127.4888545911541,132.72784423828125,1546600,0.0,0.0,,,,False,PHM
2024-11-06 00:00:00+00:00,126.08449082493908,129.14223884216605,123.84347563761816,128.65419006347656,3670900,0.0,0.0,,,,False,PHM
2024-11-07 00:00:00+00:00,128.48485254607476,131.64219167249544,128.26572987629186,130.63623046875,1590200,0.0,0.0,,,,False,PHM
2024-11-08 00:00:00+00:00,130.676079630181,133.95295027500114,130.676079630181,132.1700897216797,1599200,0.0,0.0,,,,False,PHM
2024-11-11 00:00:00+00:00,132.99676028871605,134.20193496364374,131.85135877607908,132.9270477294922,1055900,0.0,0.0,,,,False,PHM
2024-11-12 00:00:00+00:00,132.02067402255562,132.69795119584992,128.10636029573234,128.35536193847656,1909000,0.0,0.0,,,,False,PHM
2024-11-13 00:00:00+00:00,130.47687209674703,130.87526868049568,126.71196814825713,126.97093200683594,1861600,0.0,0.0,,,,False,PHM
2024-11-14 00:00:00+00:00,128.04660503883125,130.5665005008213,127.43904040978299,128.923095703125,1422400,0.0,0.0,,,,False,PHM
2024-11-15 00:00:00+00:00,128.5346546202922,129.37129651583544,127.20996402008814,128.3752899169922,1510000,0.0,0.0,,,,False,PHM
2024-11-18 00:00:00+00:00,127.47888632233402,129.03266183089744,126.95100402477452,128.05657958984375,1112400,0.0,0.0,,,,False,PHM
2024-11-19 00:00:00+00:00,127.66811928043656,128.54460995578282,125.91515312759874,127.9968032836914,1292200,0.0,0.0,,,,False,PHM
2024-11-20 00:00:00+00:00,127.86733628979476,128.08645896468087,126.51275906332367,127.5486068725586,1133100,0.0,0.0,,,,False,PHM
2024-11-21 00:00:00+00:00,128.01673429642005,129.6203056207018,127.38925283867282,127.60836791992188,1510500,0.0,0.0,,,,False,PHM
2024-11-22 00:00:00+00:00,128.6442263999448,129.48086836342307,127.28965670761323,129.2418212890625,1316700,0.0,0.0,,,,False,PHM
2024-11-25 00:00:00+00:00,131.20395364962903,138.53456330772931,130.26770495341032,137.10031127929688,3181200,0.0,0.0,,,,False,PHM
2024-11-26 00:00:00+00:00,135.76565837853087,136.85130193435515,133.26568726232134,135.05850219726562,1520800,0.0,0.0,,,,False,PHM
2024-11-27 00:00:00+00:00,137.38916001416754,137.97680029138633,135.69595174526924,135.9847869873047,1270800,0.0,0.0,,,,False,PHM
2024-11-29 00:00:00+00:00,137.4489218623009,138.75368818165566,134.699948896283,134.72982788085938,1072700,0.0,0.0,,,,False,PHM
2024-12-02 00:00:00+00:00,134.38121911198442,135.54654510098115,132.9270578735533,134.600341796875,1615500,0.0,0.0,,,,False,PHM
2024-12-03 00:00:00+00:00,135.28758349811915,135.59634312432183,133.40513155972863,133.4648895263672,880800,0.0,0.0,,,,False,PHM
2024-12-04 00:00:00+00:00,131.79162079563602,132.52865606591277,128.26574838072224,128.78367614746094,1898100,0.0,0.0,,,,False,PHM
2024-12-05 00:00:00+00:00,128.8135438191524,129.3015925562719,127.06056996090345,127.359375,1574300,0.0,0.0,,,,False,PHM
2024-12-06 00:00:00+00:00,129.4310663191572,130.20795032148806,124.86936145438113,126.31356811523438,1698000,0.0,0.0,,,,False,PHM
2024-12-09 00:00:00+00:00,127.26973081171268,128.07649378107556,125.94504011962887,127.95697784423828,1803000,0.0,0.0,,,,False,PHM
2024-12-10 00:00:00+00:00,125.26775307328342,126.44304122467503,123.51478683986328,124.83946990966797,2149500,0.0,0.0,,,,False,PHM
2024-12-11 00:00:00+00:00,125.39723632589462,125.50679766318669,120.92516868171641,121.42317199707031,2636700,0.0,0.0,,,,False,PHM
2024-12-12 00:00:00+00:00,119.96899889037678,121.45305428170126,119.87936193866165,120.20804595947266,1898300,0.0,0.0,,,,False,PHM
2024-12-13 00:00:00+00:00,119.17219692802644,119.32159944498069,116.55269458102136,117.94710540771484,2174700,0.0,0.0,,,,False,PHM
2024-12-16 00:00:00+00:00,117.78774587834627,119.3514759793318,116.09453005249138,116.57261657714844,2077700,0.0,0.0,,,,False,PHM
2024-12-17 00:00:00+00:00,116.68238321086736,117.74013606310048,114.94607005772816,115.64458465576172,2155800,0.22,0.0,,,,False,PHM
2024-12-18 00:00:00+00:00,116.15350839448418,116.66243053052625,110.93458029431824,111.05432891845703,3173300,0.0,0.0,,,,False,PHM
2024-12-19 00:00:00+00:00,107.67150717375259,110.48553509847345,106.98296591546575,108.65940856933594,3831600,0.0,0.0,,,,False,PHM
2024-12-20 00:00:00+00:00,108.93881764547919,110.94456336187073,108.34008973986275,110.28595733642578,4865700,0.0,0.0,,,,False,PHM
2024-12-23 00:00:00+00:00,109.71716279147638,110.34583355278166,108.76917759170635,109.89678192138672,1477300,0.0,0.0,,,,False,PHM
2024-12-24 00:00:00+00:00,109.62735771239392,110.59530482883933,109.37788712004154,110.51547241210938,700900,0.0,0.0,,,,False,PHM
2024-12-26 00:00:00+00:00,109.58744335327175,110.87471254512081,109.14837266708615,110.41568756103516,1259000,0.0,0.0,,,,False,PHM
2024-12-27 00:00:00+00:00,109.4976326700514,110.87470756039762,108.6993237516478,109.28807067871094,990600,0.0,0.0,,,,False,PHM
2024-12-30 00:00:00+00:00,109.01865198074807,109.17831681878145,107.47193121856334,108.62947845458984,1148200,0.0,0.0,,,,False,PHM
2024-12-31 00:00:00+00:00,109.36790240667268,109.75707590831104,108.33010386455771,108.66938781738281,1217600,0.0,0.0,,,,False,PHM
2025-01-02 00:00:00+00:00,109.94667806183908,110.25601915532484,106.95303100001362,107.41205596923828,1384800,0.0,0.0,,,,False,PHM
2025-01-03 00:00:00+00:00,110.25601862301893,110.76494075277893,108.53965976440732,109.81695556640625,1934500,0.0,0.0,,,,False,PHM
2025-01-06 00:00:00+00:00,110.4755549406462,111.40358583811619,108.3800035114928,108.69932556152344,1539800,0.0,0.0,,,,False,PHM
2025-01-07 00:00:00+00:00,108.29018768715451,109.46768914744919,107.32224821694209,107.60165405273438,1682800,0.0,0.0,,,,False,PHM
2025-01-08 00:00:00+00:00,107.77129221679499,110.44561718003757,106.58380980150339,110.22608184814453,2626500,0.0,0.0,,,,False,PHM
2025-01-10 00:00:00+00:00,109.41779909349265,109.85686214203729,107.19251814601188,107.38211822509766,2041400,0.0,0.0,,,,False,PHM
2025-01-13 00:00:00+00:00,107.09273175027528,108.8490067893287,106.82330686999566,108.75919342041016,1570500,0.0,0.0,,,,False,PHM
2025-01-14 00:00:00+00:00,111.66303663820753,112.67089994477315,109.9666320729773,112.26176452636719,1765800,0.0,0.0,,,,False,PHM
2025-01-15 00:00:00+00:00,117.2112612265365,117.24119647925274,114.24754939581688,115.72441864013672,2414100,0.0,0.0,,,,False,PHM
2025-01-16 00:00:00+00:00,114.27748808855638,116.79215597775337,113.87834122267358,116.68238830566406,2252700,0.0,0.0,,,,False,PHM
2025-01-17 00:00:00+00:00,118.32889388366249,118.75798360954713,116.16349095655926,116.78217315673828,2448200,0.0,0.0,,,,False,PHM
2025-01-21 00:00:00+00:00,119.04736549879155,120.06520212970919,115.0757904594034,115.56475067138672,2693500,0.0,0.0,,,,False,PHM
2025-01-22 00:00:00+00:00,115.00594481197906,116.87198761173318,114.54691982870423,116.64247131347656,1771500,0.0,0.0,,,,False,PHM
2025-01-23 00:00:00+00:00,116.02377618044105,117.73016167940897,115.6445836324693,116.27324676513672,2159200,0.0,0.0,,,,False,PHM
2025-01-24 00:00:00+00:00,116.11359432089232,116.31316775155406,114.86624134616052,115.44501495361328,1510500,0.0,0.0,,,,False,PHM
2025-01-27 00:00:00+00:00,114.75647399833905,118.4985329330675,114.66666823825999,117.80001831054688,3131500,0.0,0.0,,,,False,PHM
2025-01-28 00:00:00+00:00,117.59045098858145,117.75011581692478,114.66666304861549,114.80636596679688,2130300,0.0,0.0,,,,False,PHM
2025-01-29 00:00:00+00:00,114.83630286652098,115.62463083799175,111.8526291532582,112.75072479248047,2965900,0.0,0.0,,,,False,PHM
2025-01-30 00:00:00+00:00,116.13354652934305,121.05310687770861,113.15986135449454,118.25904083251953,3758800,0.0,0.0,3.27,4.43,35.53,True,PHM
2025-01-31 00:00:00+00:00,116.66243156200666,117.66031393227141,113.3893709924181,113.53905487060547,3252400,0.0,0.0,,,,False,PHM
2025-02-03 00:00:00+00:00,111.27386437371138,111.28383771580481,108.17044961728764,108.91886138916016,3191000,0.0,0.0,,,,False,PHM
2025-02-04 00:00:00+00:00,108.50972898224086,110.68511289747856,107.46195704043916,110.14625549316406,2560000,0.0,0.0,,,,False,PHM
2025-02-05 00:00:00+00:00,112.21186929087555,112.40146937712402,110.2061312117517,111.09424591064453,2403100,0.0,0.0,,,,False,PHM
2025-02-06 00:00:00+00:00,111.09424296111833,111.65305463639753,108.87894294377855,109.77703857421875,2563600,0.0,0.0,,,,False,PHM
2025-02-07 00:00:00+00:00,109.01864490440845,109.13839352516067,105.1767994441547,105.64580535888672,2662500,0.0,0.0,,,,False,PHM
2025-02-10 00:00:00+00:00,106.57383849592817,106.90313388682137,105.9252134429162,106.34432220458984,1963400,0.0,0.0,,,,False,PHM
2025-02-11 00:00:00+00:00,105.84538064485915,108.27023506183343,105.12690413416483,107.10271453857422,2326800,0.0,0.0,,,,False,PHM
2025-02-12 00:00:00+00:00,104.09908531973345,105.83539845821677,103.48039552867017,105.77552795410156,2274700,0.0,0.0,,,,False,PHM
2025-02-13 00:00:00+00:00,106.27447137303794,106.9729859799598,105.23667280472672,106.47404479980469,1594600,0.0,0.0,,,,False,PHM
2025-02-14 00:00:00+00:00,107.1725641377623,109.12841259778291,106.57383626032546,107.20249938964844,1519300,0.0,0.0,,,,False,PHM
2025-02-18 00:00:00+00:00,106.72351292365633,107.2523969575191,104.29865853960784,105.37637329101562,1642500,0.0,0.0,,,,False,PHM
2025-02-19 00:00:00+00:00,102.30289835205541,104.80758526011525,100.91584245150061,104.63794708251953,2294600,0.0,0.0,,,,False,PHM
2025-02-20 00:00:00+00:00,104.17892216223662,105.8453839123402,103.74983243361683,105.6158676147461,1694300,0.0,0.0,,,,False,PHM
2025-02-21 00:00:00+00:00,106.16470802517202,106.27447569833267,101.98357832906702,102.89165496826172,1818700,0.0,0.0,,,,False,PHM
2025-02-24 00:00:00+00:00,102.98145796054547,103.01140082688829,100.32709480435636,101.48463439941406,2296700,0.0,0.0,,,,False,PHM
2025-02-25 00:00:00+00:00,102.40269458756981,106.61375191875537,101.59440466689279,106.00505065917969,2894400,0.0,0.0,,,,False,PHM
2025-02-26 00:00:00+00:00,105.44623091209321,105.70568246664669,103.45046612096479,104.22881317138672,1734200,0.0,0.0,,,,False,PHM
2025-02-27 00:00:00+00:00,103.69993160168423,105.24665228376485,102.57232729111611,102.7020492553711,1392600,0.0,0.0,,,,False,PHM
2025-02-28 00:00:00+00:00,102.68209437758068,104.00927971784878,101.82391495554552,103.06128692626953,3722400,0.0,0.0,,,,False,PHM
2025-03-03 00:00:00+00:00,102.92158433691829,104.2886858887756,101.1952521454495,101.81393432617188,1921600,0.0,0.0,,,,False,PHM
2025-03-04 00:00:00+00:00,101.09546144614382,103.95938661650622,100.79610130019172,102.68209838867188,3381400,0.0,0.0,,,,False,PHM
2025-03-05 00:00:00+00:00,103.77976831753026,106.44411246542809,102.64218300464718,105.74559783935547,2866000,0.0,0.0,,,,False,PHM
2025-03-06 00:00:00+00:00,106.44410785021721,108.85898129649365,106.05493434495936,108.04071807861328,2776800,0.0,0.0,,,,False,PHM
2025-03-07 00:00:00+00:00,108.46980839391776,109.19826585920367,106.04495397901759,107.68148803710938,2461700,0.0,0.0,,,,False,PHM
2025-03-10 00:00:00+00:00,107.03286635057859,110.81484148931659,106.57384136876647,107.17256927490234,2653200,0.0,0.0,,,,False,PHM
2025-03-11 00:00:00+00:00,106.71354432510259,107.68149145337783,104.58804997981082,105.6158676147461,2157600,0.0,0.0,,,,False,PHM
2025-03-12 00:00:00+00:00,105.97510459748187,106.3243695174037,102.3128781285292,103.31076049804688,2672500,0.0,0.0,,,,False,PHM
2025-03-13 00:00:00+00:00,103.11118510336864,104.22880846344567,100.50671155952918,100.87592315673828,2211800,0.0,0.0,,,,False,PHM
2025-03-14 00:00:00+00:00,102.10332555999186,102.90163451509585,100.85597257591591,102.72201538085938,1791300,0.0,0.0,,,,False,PHM
2025-03-17 00:00:00+00:00,103.16107603168675,104.33857752553233,102.71203201325982,103.66999816894531,1527900,0.0,0.0,,,,False,PHM
2025-03-18 00:00:00+00:00,103.66000366210938,104.81999969482422,102.9000015258789,103.48999786376953,1355600,0.22,0.0,,,,False,PHM
2025-03-19 00:00:00+00:00,103.37000274658203,105.91999816894531,103.06999969482422,105.12000274658203,2047700,0.0,0.0,,,,False,PHM
2025-03-20 00:00:00+00:00,104.70999908447266,107.5199966430664,104.70999908447266,105.33999633789062,2090500,0.0,0.0,,,,False,PHM
2025-03-21 00:00:00+00:00,102.48999786376953,103.75,100.3499984741211,102.72000122070312,8818500,0.0,0.0,,,,False,PHM
2025-03-24 00:00:00+00:00,103.3499984741211,105.95999908447266,103.2699966430664,105.8499984741211,1859200,0.0,0.0,,,,False,PHM
2025-03-25 00:00:00+00:00,104.30000305175781,106.94000244140625,103.16999816894531,105.31999969482422,1979900,0.0,0.0,,,,False,PHM
2025-03-26 00:00:00+00:00,105.41999816894531,106.76000213623047,104.16999816894531,105.22000122070312,1248700,0.0,0.0,,,,False,PHM
2025-03-27 00:00:00+00:00,105.16999816894531,106.16000366210938,104.4800033569336,105.04000091552734,1143400,0.0,0.0,,,,False,PHM
2025-03-28 00:00:00+00:00,105.55000305175781,105.55000305175781,101.41999816894531,101.73999786376953,1413000,0.0,0.0,,,,False,PHM
2025-03-31 00:00:00+00:00,101.4000015258789,103.61000061035156,99.58000183105469,102.80000305175781,1717300,0.0,0.0,,,,False,PHM
