stock,trend_5days+,trend_10days+,trend_20days+,trend_30days+,trend_5days-,trend_10days-,trend_20days-,trend_30days-,trend_5days0,trend_10days0,trend_20days0,trend_30days0,BUY,SELL,HOLD
KDP,0.96,0.91,0.89,0.85,0.00,0.00,0.00,0.00,0.04,0.09,0.11,0.15,0.90,0.00,0.10
CNC,0.76,0.75,0.82,0.91,0.00,0.00,0.00,0.00,0.24,0.25,0.18,0.09,0.81,0.00,0.19
AWK,0.95,0.84,0.70,0.69,0.00,0.00,0.00,0.00,0.05,0.16,0.30,0.31,0.80,0.00,0.20
AVB,0.82,0.76,0.73,0.85,0.00,0.00,0.00,0.00,0.18,0.24,0.27,0.15,0.79,0.00,0.21
SWKS,0.79,0.69,0.74,0.84,0.00,0.00,0.00,0.00,0.21,0.31,0.26,0.16,0.77,0.00,0.23
NTAP,0.94,0.85,0.69,0.57,0.00,0.00,0.00,0.00,0.06,0.15,0.31,0.43,0.76,0.00,0.24
WBD,0.70,0.62,0.79,0.86,0.00,0.00,0.00,0.00,0.29,0.38,0.20,0.14,0.74,0.00,0.25
TER,0.79,0.67,0.72,0.78,0.00,0.00,0.00,0.00,0.21,0.33,0.28,0.22,0.74,0.00,0.26
WST,0.78,0.65,0.72,0.82,0.00,0.00,0.00,0.00,0.22,0.35,0.28,0.18,0.74,0.00,0.26
MSCI,0.80,0.65,0.68,0.76,0.00,0.00,0.00,0.00,0.20,0.35,0.32,0.24,0.72,0.00,0.28
HON,0.76,0.63,0.71,0.78,0.00,0.00,0.00,0.00,0.24,0.37,0.29,0.22,0.72,0.00,0.28
BDX,0.86,0.72,0.61,0.61,0.00,0.00,0.00,0.00,0.14,0.28,0.39,0.39,0.70,0.00,0.30
DDOG,0.63,0.54,0.75,0.83,0.00,0.00,0.00,0.00,0.37,0.46,0.24,0.17,0.69,0.00,0.31
ULTA,0.56,0.44,0.77,0.93,0.00,0.00,0.00,0.00,0.44,0.56,0.23,0.07,0.67,0.00,0.32
FIS,0.88,0.72,0.53,0.54,0.01,0.00,0.00,0.00,0.11,0.28,0.47,0.46,0.67,0.00,0.33
LH,0.91,0.77,0.55,0.43,0.01,0.00,0.00,0.00,0.08,0.22,0.45,0.57,0.66,0.00,0.33
MDLZ,0.87,0.77,0.53,0.39,0.04,0.01,0.00,0.01,0.09,0.22,0.46,0.60,0.64,0.01,0.34
ROST,0.72,0.55,0.61,0.68,0.00,0.00,0.00,0.00,0.28,0.45,0.39,0.32,0.64,0.00,0.36
ZBH,0.85,0.58,0.44,0.51,0.00,0.00,0.00,0.00,0.15,0.42,0.56,0.49,0.60,0.00,0.40
EXPD,0.87,0.68,0.47,0.35,0.01,0.00,0.00,0.00,0.12,0.32,0.53,0.65,0.59,0.00,0.40
EL,0.72,0.50,0.48,0.64,0.00,0.00,0.00,0.00,0.28,0.50,0.52,0.36,0.58,0.00,0.42
LUV,0.70,0.48,0.53,0.61,0.00,0.00,0.00,0.00,0.30,0.51,0.47,0.39,0.58,0.00,0.42
TMO,0.74,0.65,0.43,0.35,0.03,0.00,0.00,0.00,0.23,0.35,0.57,0.65,0.54,0.01,0.45
DHR,0.91,0.57,0.25,0.32,0.00,0.00,0.00,0.00,0.09,0.43,0.75,0.68,0.51,0.00,0.49
ANET,0.50,0.31,0.51,0.72,0.00,0.00,0.01,0.01,0.50,0.68,0.48,0.27,0.51,0.01,0.48
AAPL,0.36,0.23,0.60,0.74,0.09,0.04,0.10,0.12,0.56,0.73,0.30,0.14,0.48,0.08,0.43
SBAC,0.60,0.54,0.32,0.23,0.21,0.04,0.01,0.01,0.19,0.41,0.67,0.75,0.43,0.07,0.50
BAX,0.48,0.53,0.37,0.24,0.26,0.04,0.01,0.01,0.25,0.43,0.62,0.76,0.41,0.08,0.52
CI,0.85,0.42,0.19,0.13,0.00,0.00,0.00,0.00,0.15,0.58,0.81,0.87,0.40,0.00,0.60
PG,0.81,0.43,0.17,0.12,0.02,0.01,0.00,0.00,0.17,0.57,0.83,0.88,0.38,0.01,0.61
JNPR,0.71,0.31,0.17,0.30,0.00,0.00,0.00,0.00,0.28,0.69,0.83,0.69,0.37,0.00,0.63
TSLA,0.16,0.10,0.39,0.83,0.04,0.01,0.02,0.01,0.80,0.89,0.59,0.16,0.37,0.02,0.61
INCY,0.68,0.39,0.23,0.14,0.01,0.00,0.00,0.00,0.31,0.60,0.77,0.85,0.36,0.00,0.63
KMI,0.31,0.18,0.40,0.54,0.01,0.00,0.01,0.02,0.69,0.81,0.59,0.45,0.36,0.01,0.64
TSN,0.74,0.38,0.15,0.08,0.02,0.01,0.00,0.01,0.24,0.61,0.85,0.91,0.34,0.01,0.65
MOH,0.54,0.23,0.22,0.27,0.02,0.00,0.00,0.00,0.43,0.77,0.78,0.73,0.31,0.01,0.68
PWR,0.13,0.09,0.38,0.62,0.02,0.02,0.07,0.10,0.85,0.89,0.56,0.28,0.30,0.05,0.64
DECK,0.38,0.11,0.22,0.49,0.01,0.01,0.02,0.02,0.62,0.88,0.76,0.49,0.30,0.01,0.69
PFE,0.59,0.34,0.16,0.11,0.09,0.01,0.00,0.00,0.32,0.65,0.84,0.89,0.30,0.03,0.67
MRK,0.70,0.29,0.09,0.09,0.07,0.01,0.00,0.01,0.23,0.69,0.91,0.90,0.29,0.02,0.68
KVUE,0.42,0.25,0.16,0.08,0.21,0.04,0.02,0.02,0.36,0.71,0.82,0.89,0.23,0.07,0.70
EXC,0.15,0.26,0.19,0.27,0.61,0.07,0.03,0.05,0.24,0.67,0.78,0.68,0.22,0.19,0.59
RVTY,0.37,0.28,0.11,0.09,0.16,0.02,0.00,0.00,0.47,0.70,0.89,0.91,0.21,0.04,0.74
XYZ,0.19,0.08,0.18,0.26,0.02,0.03,0.10,0.18,0.79,0.89,0.72,0.56,0.18,0.08,0.74
AIZ,0.19,0.09,0.17,0.24,0.10,0.11,0.38,0.43,0.72,0.79,0.45,0.33,0.17,0.25,0.57
AZN,0.19,0.20,0.15,0.11,0.17,0.05,0.03,0.04,0.64,0.75,0.81,0.84,0.17,0.07,0.76
MRVL,0.11,0.06,0.17,0.26,0.04,0.05,0.21,0.28,0.84,0.89,0.62,0.45,0.15,0.15,0.70
MELI,0.15,0.17,0.13,0.14,0.35,0.04,0.02,0.04,0.50,0.79,0.85,0.82,0.15,0.11,0.74
HPE,0.22,0.07,0.11,0.19,0.04,0.02,0.02,0.03,0.74,0.91,0.87,0.78,0.15,0.03,0.83
ED,0.09,0.11,0.17,0.21,0.25,0.06,0.06,0.09,0.66,0.83,0.78,0.71,0.14,0.11,0.74
VICI,0.08,0.09,0.14,0.25,0.08,0.01,0.01,0.01,0.84,0.90,0.85,0.74,0.14,0.03,0.83
CDNS,0.09,0.03,0.09,0.36,0.05,0.02,0.06,0.09,0.87,0.95,0.85,0.55,0.14,0.05,0.81
JPM,0.22,0.17,0.08,0.06,0.51,0.09,0.04,0.06,0.26,0.74,0.88,0.88,0.13,0.17,0.69
PYPL,0.09,0.02,0.09,0.31,0.07,0.06,0.19,0.30,0.84,0.92,0.72,0.40,0.13,0.16,0.72
FE,0.17,0.15,0.09,0.08,0.39,0.05,0.02,0.03,0.44,0.80,0.89,0.89,0.12,0.12,0.76
AMZN,0.05,0.10,0.14,0.14,0.66,0.27,0.12,0.13,0.28,0.63,0.74,0.73,0.11,0.30,0.59
CSGP,0.24,0.12,0.05,0.03,0.10,0.01,0.00,0.00,0.66,0.87,0.95,0.97,0.11,0.03,0.86
CPB,0.19,0.15,0.06,0.03,0.54,0.11,0.04,0.05,0.27,0.74,0.90,0.92,0.11,0.18,0.71
STZ,0.25,0.11,0.02,0.02,0.50,0.06,0.02,0.03,0.25,0.84,0.96,0.95,0.10,0.15,0.75
JNJ,0.08,0.09,0.10,0.10,0.31,0.04,0.04,0.07,0.62,0.87,0.86,0.83,0.09,0.11,0.79
MDT,0.17,0.11,0.05,0.03,0.31,0.03,0.01,0.01,0.52,0.86,0.95,0.97,0.09,0.09,0.82
VRSN,0.15,0.12,0.04,0.02,0.64,0.13,0.04,0.05,0.21,0.75,0.92,0.93,0.08,0.21,0.70
CMG,0.20,0.05,0.03,0.05,0.05,0.01,0.01,0.01,0.75,0.94,0.96,0.94,0.08,0.02,0.90
KR,0.13,0.06,0.06,0.08,0.01,0.00,0.00,0.00,0.87,0.94,0.93,0.92,0.08,0.00,0.91
CHD,0.25,0.05,0.02,0.01,0.02,0.00,0.00,0.00,0.73,0.95,0.98,0.99,0.08,0.00,0.91
APO,0.10,0.05,0.06,0.11,0.13,0.18,0.48,0.56,0.77,0.77,0.45,0.33,0.08,0.34,0.58
FICO,0.17,0.09,0.03,0.02,0.56,0.07,0.02,0.04,0.27,0.83,0.95,0.94,0.08,0.17,0.75
WRB,0.20,0.08,0.02,0.02,0.25,0.02,0.01,0.01,0.55,0.90,0.97,0.98,0.08,0.07,0.85
AES,0.14,0.12,0.03,0.02,0.66,0.10,0.03,0.04,0.20,0.78,0.94,0.94,0.08,0.21,0.71
RL,0.12,0.13,0.04,0.02,0.71,0.15,0.04,0.05,0.16,0.73,0.92,0.93,0.08,0.24,0.69
CINF,0.16,0.09,0.03,0.03,0.54,0.06,0.02,0.03,0.30,0.85,0.94,0.94,0.08,0.16,0.76
VZ,0.14,0.10,0.04,0.02,0.47,0.11,0.06,0.07,0.40,0.79,0.90,0.91,0.07,0.18,0.75
GL,0.11,0.11,0.04,0.02,0.71,0.16,0.05,0.05,0.18,0.73,0.92,0.92,0.07,0.24,0.69
VTRS,0.16,0.08,0.02,0.02,0.60,0.07,0.02,0.03,0.24,0.85,0.96,0.96,0.07,0.18,0.75
POOL,0.12,0.08,0.04,0.04,0.39,0.05,0.01,0.01,0.49,0.87,0.95,0.95,0.07,0.12,0.82
KLAC,0.12,0.10,0.03,0.02,0.68,0.13,0.04,0.04,0.20,0.77,0.93,0.94,0.07,0.22,0.71
ICE,0.11,0.10,0.03,0.02,0.63,0.14,0.04,0.05,0.25,0.76,0.93,0.94,0.07,0.22,0.72
K,0.11,0.10,0.03,0.02,0.71,0.14,0.04,0.04,0.17,0.76,0.93,0.94,0.07,0.23,0.70
DOW,0.16,0.07,0.02,0.02,0.39,0.05,0.01,0.02,0.46,0.88,0.96,0.97,0.07,0.12,0.82
ETR,0.12,0.09,0.03,0.02,0.64,0.12,0.04,0.05,0.24,0.80,0.93,0.93,0.06,0.21,0.73
PSA,0.05,0.03,0.04,0.14,0.18,0.03,0.02,0.02,0.77,0.94,0.95,0.83,0.06,0.06,0.87
BALL,0.15,0.07,0.02,0.01,0.51,0.09,0.03,0.03,0.34,0.84,0.95,0.96,0.06,0.17,0.77
CMCSA,0.16,0.05,0.02,0.01,0.27,0.04,0.01,0.01,0.57,0.91,0.97,0.97,0.06,0.08,0.85
TPR,0.11,0.09,0.03,0.02,0.67,0.13,0.05,0.06,0.22,0.78,0.92,0.93,0.06,0.23,0.71
JKHY,0.17,0.06,0.01,0.01,0.15,0.01,0.00,0.00,0.68,0.93,0.98,0.99,0.06,0.04,0.90
PARA,0.13,0.06,0.03,0.03,0.14,0.01,0.00,0.00,0.73,0.93,0.96,0.97,0.06,0.04,0.90
EIX,0.17,0.06,0.01,0.01,0.54,0.07,0.02,0.04,0.29,0.87,0.96,0.95,0.06,0.17,0.77
HSY,0.16,0.06,0.01,0.01,0.46,0.09,0.03,0.04,0.38,0.85,0.96,0.95,0.06,0.16,0.78
KHC,0.14,0.06,0.02,0.01,0.42,0.07,0.02,0.02,0.44,0.87,0.96,0.96,0.06,0.13,0.81
CRM,0.10,0.03,0.04,0.07,0.20,0.10,0.20,0.30,0.70,0.87,0.76,0.63,0.06,0.20,0.74
ALGN,0.09,0.08,0.03,0.03,0.59,0.07,0.01,0.01,0.33,0.85,0.96,0.97,0.06,0.17,0.77
BSX,0.09,0.09,0.03,0.02,0.75,0.19,0.05,0.06,0.16,0.72,0.92,0.92,0.06,0.26,0.68
CHRW,0.15,0.04,0.01,0.01,0.25,0.03,0.01,0.01,0.60,0.93,0.98,0.98,0.05,0.07,0.87
C,0.08,0.08,0.02,0.02,0.74,0.15,0.04,0.05,0.18,0.76,0.93,0.93,0.05,0.25,0.70
VLTO,0.12,0.06,0.02,0.01,0.56,0.08,0.02,0.03,0.33,0.86,0.96,0.96,0.05,0.17,0.78
HAS,0.03,0.05,0.06,0.06,0.59,0.15,0.09,0.14,0.38,0.80,0.86,0.80,0.05,0.24,0.71
CRWD,0.07,0.08,0.03,0.02,0.71,0.21,0.08,0.08,0.21,0.71,0.89,0.90,0.05,0.27,0.68
WTW,0.14,0.04,0.01,0.01,0.07,0.01,0.00,0.00,0.80,0.96,0.98,0.99,0.05,0.02,0.93
PCG,0.14,0.03,0.01,0.01,0.16,0.02,0.01,0.01,0.70,0.95,0.98,0.98,0.05,0.05,0.90
CCI,0.06,0.07,0.04,0.02,0.76,0.31,0.10,0.11,0.18,0.62,0.86,0.87,0.05,0.32,0.63
SJM,0.11,0.05,0.02,0.01,0.36,0.05,0.01,0.02,0.53,0.91,0.97,0.97,0.05,0.11,0.85
EXR,0.11,0.05,0.02,0.01,0.30,0.05,0.01,0.02,0.59,0.90,0.97,0.98,0.05,0.09,0.86
HRL,0.07,0.03,0.03,0.06,0.17,0.06,0.07,0.13,0.77,0.91,0.90,0.82,0.05,0.11,0.85
CBOE,0.09,0.06,0.02,0.01,0.45,0.09,0.03,0.03,0.46,0.85,0.95,0.96,0.04,0.15,0.81
ON,0.09,0.05,0.02,0.01,0.60,0.12,0.04,0.05,0.31,0.83,0.94,0.94,0.04,0.20,0.75
PEP,0.09,0.05,0.02,0.01,0.46,0.08,0.02,0.03,0.44,0.87,0.96,0.96,0.04,0.15,0.81
OTIS,0.07,0.07,0.02,0.01,0.66,0.20,0.06,0.08,0.26,0.73,0.92,0.91,0.04,0.25,0.71
GIS,0.11,0.04,0.01,0.01,0.42,0.07,0.02,0.02,0.47,0.89,0.97,0.97,0.04,0.13,0.83
DUK,0.07,0.06,0.02,0.01,0.53,0.06,0.01,0.02,0.39,0.88,0.96,0.97,0.04,0.16,0.80
NEE,0.09,0.05,0.02,0.01,0.42,0.06,0.01,0.02,0.49,0.90,0.97,0.97,0.04,0.13,0.83
EA,0.11,0.03,0.01,0.01,0.49,0.08,0.02,0.03,0.39,0.89,0.97,0.96,0.04,0.16,0.80
NU,0.04,0.08,0.03,0.02,0.85,0.24,0.06,0.06,0.12,0.69,0.91,0.92,0.04,0.30,0.66
STE,0.09,0.05,0.01,0.01,0.43,0.07,0.01,0.01,0.49,0.88,0.97,0.98,0.04,0.13,0.83
PGR,0.06,0.06,0.02,0.02,0.56,0.06,0.02,0.03,0.38,0.88,0.96,0.95,0.04,0.17,0.79
MKC,0.07,0.04,0.02,0.03,0.18,0.05,0.03,0.06,0.74,0.91,0.95,0.91,0.04,0.08,0.88
CSCO,0.06,0.06,0.02,0.01,0.69,0.19,0.06,0.06,0.25,0.76,0.91,0.92,0.04,0.25,0.71
CLX,0.08,0.05,0.02,0.01,0.57,0.10,0.03,0.03,0.35,0.86,0.96,0.96,0.04,0.18,0.78
FFIV,0.06,0.06,0.02,0.01,0.74,0.24,0.08,0.08,0.20,0.70,0.90,0.91,0.04,0.28,0.68
AMGN,0.02,0.05,0.05,0.03,0.70,0.28,0.18,0.23,0.28,0.67,0.77,0.74,0.04,0.35,0.62
CRL,0.09,0.04,0.01,0.01,0.64,0.14,0.04,0.06,0.28,0.82,0.95,0.93,0.04,0.22,0.74
PRU,0.08,0.04,0.02,0.01,0.60,0.10,0.03,0.03,0.32,0.86,0.96,0.96,0.04,0.19,0.78
IFF,0.05,0.06,0.02,0.01,0.79,0.14,0.02,0.02,0.16,0.79,0.96,0.97,0.04,0.24,0.72
EQR,0.09,0.03,0.01,0.01,0.20,0.02,0.01,0.01,0.70,0.95,0.98,0.98,0.04,0.06,0.90
A,0.05,0.04,0.02,0.03,0.38,0.08,0.02,0.01,0.57,0.88,0.96,0.96,0.04,0.12,0.84
CB,0.09,0.03,0.01,0.01,0.31,0.04,0.01,0.01,0.60,0.93,0.98,0.98,0.04,0.09,0.87
DLR,0.08,0.05,0.01,0.01,0.68,0.14,0.04,0.05,0.24,0.82,0.95,0.94,0.04,0.23,0.74
PODD,0.05,0.05,0.02,0.01,0.69,0.19,0.07,0.09,0.25,0.76,0.90,0.90,0.04,0.26,0.70
CL,0.09,0.03,0.01,0.01,0.39,0.06,0.02,0.02,0.52,0.91,0.97,0.97,0.04,0.12,0.85
LNT,0.06,0.05,0.02,0.01,0.63,0.14,0.04,0.06,0.31,0.81,0.94,0.93,0.04,0.22,0.75
CAG,0.08,0.04,0.01,0.01,0.53,0.09,0.02,0.03,0.39,0.87,0.97,0.96,0.04,0.17,0.80
ES,0.02,0.04,0.03,0.04,0.65,0.09,0.05,0.07,0.33,0.87,0.92,0.89,0.04,0.21,0.75
MO,0.08,0.04,0.02,0.01,0.39,0.05,0.03,0.04,0.53,0.91,0.96,0.96,0.04,0.12,0.84
ENPH,0.05,0.05,0.02,0.01,0.75,0.21,0.07,0.09,0.20,0.74,0.91,0.90,0.03,0.28,0.69
O,0.03,0.02,0.02,0.07,0.00,0.00,0.00,0.00,0.97,0.98,0.97,0.93,0.03,0.00,0.96
FDX,0.06,0.05,0.02,0.01,0.72,0.16,0.05,0.05,0.22,0.79,0.94,0.94,0.03,0.24,0.72
PDD,0.02,0.03,0.04,0.05,0.44,0.11,0.11,0.16,0.54,0.87,0.85,0.79,0.03,0.20,0.76
IQV,0.04,0.02,0.02,0.05,0.43,0.08,0.03,0.04,0.52,0.90,0.95,0.91,0.03,0.14,0.82
STT,0.08,0.03,0.01,0.01,0.38,0.04,0.01,0.01,0.54,0.92,0.98,0.98,0.03,0.11,0.85
PM,0.04,0.06,0.02,0.01,0.72,0.18,0.06,0.08,0.23,0.76,0.92,0.91,0.03,0.26,0.71
KO,0.04,0.05,0.03,0.01,0.75,0.21,0.07,0.08,0.21,0.74,0.90,0.90,0.03,0.28,0.69
ESS,0.09,0.03,0.01,0.01,0.12,0.01,0.00,0.00,0.80,0.97,0.99,0.99,0.03,0.03,0.94
IPG,0.08,0.03,0.01,0.01,0.42,0.06,0.02,0.02,0.50,0.91,0.97,0.97,0.03,0.13,0.84
ARE,0.07,0.04,0.01,0.01,0.44,0.06,0.02,0.02,0.48,0.90,0.97,0.98,0.03,0.13,0.83
ADM,0.07,0.04,0.01,0.01,0.63,0.13,0.03,0.04,0.31,0.83,0.95,0.96,0.03,0.21,0.76
DXCM,0.05,0.05,0.02,0.01,0.74,0.24,0.08,0.09,0.21,0.72,0.90,0.90,0.03,0.29,0.68
EG,0.07,0.04,0.01,0.01,0.62,0.12,0.03,0.04,0.31,0.84,0.96,0.96,0.03,0.20,0.77
AVY,0.07,0.03,0.01,0.01,0.42,0.06,0.02,0.02,0.50,0.91,0.97,0.97,0.03,0.13,0.84
MNST,0.07,0.03,0.01,0.01,0.53,0.10,0.03,0.04,0.41,0.87,0.96,0.96,0.03,0.17,0.80
AXP,0.08,0.02,0.01,0.01,0.21,0.02,0.01,0.01,0.71,0.96,0.98,0.98,0.03,0.06,0.91
LW,0.08,0.02,0.01,0.01,0.47,0.06,0.03,0.05,0.45,0.92,0.96,0.94,0.03,0.15,0.82
REG,0.07,0.03,0.01,0.01,0.28,0.05,0.03,0.05,0.65,0.93,0.96,0.94,0.03,0.10,0.87
MRNA,0.07,0.03,0.01,0.01,0.45,0.06,0.01,0.02,0.48,0.91,0.98,0.97,0.03,0.14,0.83
BIIB,0.06,0.04,0.01,0.01,0.60,0.12,0.03,0.04,0.35,0.84,0.95,0.95,0.03,0.20,0.77
LULU,0.06,0.03,0.01,0.01,0.30,0.03,0.01,0.01,0.64,0.94,0.98,0.98,0.03,0.09,0.88
MAA,0.04,0.04,0.02,0.01,0.67,0.14,0.04,0.06,0.29,0.82,0.94,0.93,0.03,0.23,0.74
BG,0.05,0.04,0.01,0.01,0.70,0.16,0.04,0.05,0.25,0.80,0.95,0.95,0.03,0.24,0.74
PNW,0.05,0.04,0.01,0.01,0.52,0.08,0.03,0.05,0.43,0.88,0.95,0.95,0.03,0.17,0.80
META,0.04,0.05,0.02,0.01,0.82,0.33,0.11,0.11,0.14,0.62,0.88,0.88,0.03,0.34,0.63
LHX,0.06,0.03,0.01,0.01,0.63,0.13,0.03,0.03,0.31,0.83,0.96,0.96,0.03,0.21,0.76
SNOW,0.05,0.04,0.01,0.01,0.69,0.19,0.07,0.07,0.25,0.77,0.92,0.92,0.03,0.26,0.72
CAH,0.07,0.02,0.01,0.01,0.21,0.03,0.01,0.01,0.72,0.95,0.98,0.98,0.03,0.06,0.91
LMT,0.07,0.03,0.01,0.01,0.56,0.10,0.02,0.03,0.37,0.87,0.97,0.97,0.03,0.18,0.79
JBL,0.05,0.04,0.01,0.01,0.74,0.16,0.06,0.06,0.21,0.80,0.93,0.93,0.03,0.25,0.72
DLTR,0.06,0.03,0.01,0.01,0.48,0.08,0.02,0.02,0.47,0.90,0.97,0.97,0.03,0.15,0.83
YUM,0.05,0.04,0.01,0.01,0.69,0.15,0.05,0.07,0.26,0.80,0.94,0.92,0.03,0.24,0.73
AMD,0.05,0.04,0.01,0.01,0.75,0.21,0.06,0.06,0.21,0.75,0.93,0.93,0.03,0.27,0.70
SO,0.05,0.02,0.01,0.02,0.27,0.10,0.05,0.05,0.68,0.88,0.94,0.93,0.03,0.12,0.86
ATO,0.05,0.03,0.01,0.01,0.46,0.09,0.03,0.04,0.48,0.88,0.95,0.96,0.03,0.16,0.82
TXN,0.03,0.04,0.02,0.01,0.71,0.19,0.07,0.06,0.26,0.78,0.91,0.93,0.03,0.26,0.72
HOLX,0.05,0.03,0.01,0.01,0.70,0.16,0.05,0.05,0.25,0.81,0.94,0.94,0.03,0.24,0.73
AZO,0.03,0.04,0.02,0.01,0.80,0.24,0.08,0.10,0.17,0.71,0.90,0.89,0.03,0.31,0.67
APTV,0.04,0.04,0.01,0.01,0.76,0.21,0.06,0.06,0.21,0.75,0.92,0.93,0.02,0.27,0.70
MCHP,0.03,0.04,0.02,0.01,0.74,0.20,0.05,0.05,0.23,0.75,0.93,0.94,0.02,0.26,0.71
INVH,0.06,0.02,0.01,0.00,0.35,0.03,0.01,0.01,0.59,0.95,0.99,0.99,0.02,0.10,0.88
ROP,0.03,0.05,0.02,0.01,0.82,0.28,0.10,0.12,0.15,0.67,0.89,0.87,0.02,0.33,0.65
CNP,0.06,0.02,0.01,0.01,0.21,0.02,0.01,0.01,0.72,0.96,0.99,0.99,0.02,0.06,0.91
IT,0.01,0.05,0.02,0.01,0.90,0.31,0.04,0.03,0.09,0.64,0.94,0.96,0.02,0.32,0.66
GE,0.02,0.05,0.01,0.01,0.89,0.33,0.08,0.09,0.09,0.62,0.90,0.90,0.02,0.35,0.63
DGX,0.01,0.03,0.02,0.03,0.59,0.08,0.04,0.06,0.39,0.89,0.94,0.91,0.02,0.19,0.78
DOC,0.05,0.03,0.01,0.01,0.46,0.06,0.01,0.02,0.49,0.91,0.97,0.98,0.02,0.14,0.84
CPT,0.06,0.02,0.01,0.00,0.33,0.03,0.01,0.01,0.61,0.94,0.99,0.99,0.02,0.10,0.88
DG,0.04,0.03,0.01,0.01,0.72,0.24,0.05,0.07,0.24,0.73,0.94,0.93,0.02,0.27,0.71
HUBB,0.05,0.03,0.01,0.01,0.60,0.12,0.03,0.04,0.35,0.86,0.96,0.96,0.02,0.20,0.78
XEL,0.05,0.03,0.01,0.01,0.55,0.07,0.03,0.05,0.39,0.90,0.96,0.95,0.02,0.18,0.80
FSLR,0.05,0.03,0.01,0.01,0.67,0.13,0.03,0.04,0.29,0.84,0.96,0.96,0.02,0.22,0.76
REGN,0.04,0.03,0.01,0.01,0.71,0.20,0.05,0.05,0.25,0.77,0.94,0.94,0.02,0.25,0.73
MMM,0.05,0.02,0.01,0.01,0.28,0.04,0.01,0.01,0.67,0.94,0.98,0.99,0.02,0.08,0.89
CARR,0.03,0.03,0.01,0.01,0.76,0.19,0.06,0.07,0.21,0.78,0.93,0.92,0.02,0.27,0.71
INTU,0.03,0.03,0.01,0.01,0.78,0.17,0.06,0.08,0.19,0.80,0.93,0.91,0.02,0.27,0.71
UDR,0.03,0.04,0.01,0.01,0.76,0.18,0.06,0.09,0.22,0.78,0.93,0.91,0.02,0.27,0.71
WMT,0.04,0.03,0.01,0.01,0.77,0.22,0.07,0.07,0.19,0.75,0.92,0.93,0.02,0.28,0.70
SRE,0.05,0.02,0.01,0.01,0.33,0.04,0.01,0.02,0.62,0.94,0.98,0.98,0.02,0.10,0.88
TFX,0.03,0.03,0.01,0.01,0.69,0.16,0.04,0.04,0.28,0.81,0.95,0.95,0.02,0.23,0.75
HST,0.05,0.02,0.01,0.01,0.24,0.07,0.04,0.08,0.71,0.92,0.95,0.91,0.02,0.11,0.87
SYY,0.04,0.01,0.01,0.02,0.48,0.30,0.39,0.49,0.48,0.68,0.60,0.49,0.02,0.42,0.56
FCX,0.05,0.02,0.01,0.00,0.59,0.10,0.03,0.03,0.36,0.88,0.96,0.96,0.02,0.19,0.79
ELV,0.01,0.03,0.02,0.01,0.90,0.38,0.08,0.07,0.09,0.59,0.91,0.91,0.02,0.36,0.63
VRSK,0.03,0.03,0.01,0.01,0.75,0.15,0.04,0.05,0.23,0.82,0.95,0.94,0.02,0.25,0.73
BLDR,0.03,0.03,0.01,0.01,0.83,0.36,0.05,0.05,0.14,0.61,0.93,0.95,0.02,0.32,0.66
KMB,0.03,0.03,0.01,0.01,0.68,0.15,0.05,0.08,0.29,0.82,0.94,0.92,0.02,0.24,0.74
DAL,0.02,0.04,0.01,0.01,0.88,0.31,0.06,0.06,0.10,0.66,0.93,0.94,0.02,0.32,0.66
CME,0.04,0.02,0.01,0.00,0.41,0.08,0.03,0.03,0.55,0.91,0.97,0.97,0.02,0.13,0.85
MKTX,0.03,0.02,0.01,0.00,0.72,0.17,0.05,0.05,0.25,0.80,0.95,0.94,0.02,0.25,0.74
ALB,0.02,0.03,0.01,0.01,0.82,0.25,0.07,0.08,0.16,0.72,0.92,0.92,0.02,0.31,0.68
MSTR,0.03,0.01,0.01,0.02,0.17,0.03,0.02,0.04,0.80,0.96,0.97,0.94,0.02,0.07,0.92
ALL,0.03,0.02,0.01,0.01,0.71,0.18,0.08,0.08,0.26,0.80,0.91,0.91,0.02,0.26,0.72
APP,0.04,0.02,0.01,0.00,0.46,0.06,0.02,0.03,0.51,0.92,0.97,0.97,0.02,0.14,0.84
KIM,0.04,0.02,0.01,0.00,0.48,0.07,0.02,0.03,0.47,0.91,0.97,0.97,0.02,0.15,0.83
CCEP,0.02,0.02,0.01,0.01,0.67,0.19,0.09,0.13,0.30,0.79,0.90,0.86,0.02,0.27,0.71
T,0.03,0.02,0.01,0.01,0.66,0.14,0.08,0.13,0.31,0.84,0.91,0.86,0.02,0.25,0.73
V,0.04,0.02,0.00,0.00,0.58,0.11,0.03,0.03,0.38,0.87,0.97,0.97,0.02,0.19,0.80
BAC,0.02,0.03,0.01,0.01,0.85,0.28,0.06,0.06,0.13,0.69,0.93,0.93,0.02,0.31,0.67
ADBE,0.03,0.02,0.01,0.01,0.68,0.27,0.17,0.23,0.30,0.71,0.82,0.77,0.02,0.33,0.65
TT,0.04,0.02,0.01,0.00,0.60,0.10,0.03,0.03,0.36,0.88,0.96,0.96,0.02,0.19,0.79
ERIE,0.03,0.02,0.01,0.00,0.75,0.18,0.06,0.06,0.23,0.80,0.94,0.94,0.02,0.26,0.72
PNR,0.02,0.02,0.01,0.01,0.76,0.25,0.09,0.10,0.21,0.73,0.90,0.90,0.02,0.30,0.69
ROL,0.03,0.02,0.01,0.00,0.73,0.24,0.08,0.09,0.25,0.74,0.91,0.90,0.02,0.28,0.70
WYNN,0.03,0.02,0.01,0.00,0.78,0.25,0.08,0.08,0.19,0.73,0.91,0.91,0.02,0.30,0.69
PEG,0.03,0.01,0.01,0.00,0.52,0.08,0.03,0.04,0.45,0.91,0.96,0.96,0.02,0.17,0.82
GD,0.03,0.02,0.01,0.01,0.76,0.21,0.05,0.05,0.22,0.77,0.94,0.94,0.02,0.27,0.72
DASH,0.01,0.02,0.02,0.01,0.70,0.29,0.21,0.28,0.29,0.68,0.77,0.71,0.02,0.37,0.61
VRTX,0.02,0.03,0.01,0.01,0.83,0.32,0.09,0.10,0.15,0.66,0.90,0.90,0.01,0.33,0.65
GFS,0.02,0.01,0.01,0.02,0.46,0.59,0.84,0.87,0.52,0.40,0.15,0.11,0.01,0.69,0.30
USB,0.02,0.02,0.01,0.01,0.78,0.25,0.09,0.10,0.20,0.73,0.90,0.90,0.01,0.31,0.68
RBLX,0.03,0.01,0.01,0.00,0.40,0.06,0.02,0.02,0.57,0.93,0.98,0.98,0.01,0.12,0.86
PLTR,0.01,0.03,0.01,0.01,0.86,0.36,0.11,0.12,0.13,0.61,0.88,0.88,0.01,0.36,0.62
TDY,0.01,0.03,0.01,0.01,0.90,0.44,0.08,0.07,0.09,0.53,0.91,0.92,0.01,0.37,0.61
LVS,0.04,0.01,0.00,0.00,0.46,0.25,0.19,0.37,0.50,0.74,0.81,0.63,0.01,0.32,0.67
GPN,0.02,0.01,0.01,0.01,0.08,0.03,0.03,0.05,0.89,0.97,0.96,0.94,0.01,0.05,0.94
OMC,0.03,0.02,0.01,0.00,0.72,0.19,0.06,0.07,0.25,0.79,0.93,0.93,0.01,0.26,0.73
ETN,0.03,0.01,0.01,0.00,0.59,0.10,0.03,0.04,0.38,0.88,0.96,0.96,0.01,0.19,0.80
QCOM,0.01,0.01,0.02,0.02,0.61,0.25,0.20,0.20,0.38,0.74,0.78,0.78,0.01,0.32,0.67
HAL,0.03,0.02,0.01,0.00,0.68,0.14,0.04,0.04,0.29,0.84,0.96,0.96,0.01,0.23,0.76
ROK,0.04,0.01,0.01,0.01,0.33,0.38,0.55,0.68,0.64,0.62,0.45,0.31,0.01,0.48,0.50
MSFT,0.02,0.01,0.01,0.02,0.07,0.08,0.18,0.32,0.91,0.91,0.80,0.67,0.01,0.16,0.83
NDSN,0.02,0.02,0.01,0.00,0.81,0.25,0.09,0.10,0.17,0.73,0.91,0.89,0.01,0.31,0.67
PAYC,0.03,0.01,0.01,0.00,0.39,0.05,0.02,0.03,0.58,0.94,0.97,0.97,0.01,0.12,0.86
AEP,0.02,0.02,0.01,0.00,0.85,0.43,0.16,0.16,0.14,0.55,0.83,0.84,0.01,0.40,0.59
F,0.02,0.02,0.01,0.01,0.82,0.28,0.08,0.09,0.17,0.70,0.91,0.91,0.01,0.32,0.67
EBAY,0.02,0.02,0.01,0.01,0.78,0.27,0.11,0.12,0.20,0.71,0.89,0.87,0.01,0.32,0.67
PKG,0.03,0.02,0.00,0.00,0.78,0.15,0.03,0.03,0.19,0.84,0.97,0.97,0.01,0.25,0.74
GEN,0.03,0.01,0.00,0.00,0.45,0.07,0.02,0.03,0.52,0.92,0.97,0.97,0.01,0.14,0.85
BXP,0.01,0.02,0.01,0.01,0.82,0.26,0.07,0.07,0.17,0.72,0.92,0.92,0.01,0.30,0.68
MTD,0.01,0.03,0.01,0.01,0.92,0.31,0.04,0.03,0.08,0.67,0.95,0.96,0.01,0.32,0.66
IR,0.02,0.01,0.01,0.00,0.62,0.13,0.04,0.05,0.35,0.85,0.95,0.94,0.01,0.21,0.78
WFC,0.01,0.02,0.01,0.01,0.91,0.30,0.06,0.07,0.09,0.68,0.93,0.91,0.01,0.34,0.65
OKE,0.02,0.02,0.01,0.00,0.63,0.11,0.03,0.03,0.34,0.87,0.96,0.96,0.01,0.20,0.79
PPL,0.03,0.01,0.01,0.00,0.11,0.02,0.01,0.01,0.86,0.96,0.99,0.99,0.01,0.04,0.95
ABBV,0.01,0.02,0.01,0.01,0.77,0.19,0.05,0.05,0.22,0.79,0.94,0.95,0.01,0.26,0.72
ALLE,0.02,0.02,0.01,0.01,0.78,0.25,0.09,0.09,0.20,0.74,0.91,0.90,0.01,0.30,0.69
GNRC,0.02,0.02,0.01,0.00,0.82,0.24,0.06,0.08,0.16,0.74,0.93,0.92,0.01,0.30,0.69
FTNT,0.01,0.01,0.01,0.01,0.75,0.42,0.32,0.40,0.23,0.57,0.67,0.59,0.01,0.47,0.52
IRM,0.02,0.02,0.01,0.00,0.82,0.26,0.07,0.07,0.16,0.72,0.92,0.92,0.01,0.31,0.68
COR,0.01,0.02,0.01,0.01,0.91,0.39,0.10,0.09,0.09,0.59,0.89,0.91,0.01,0.37,0.62
JBHT,0.02,0.01,0.01,0.00,0.65,0.14,0.05,0.05,0.33,0.84,0.95,0.95,0.01,0.22,0.77
CE,0.03,0.01,0.00,0.01,0.01,0.00,0.00,0.00,0.96,0.99,0.99,0.99,0.01,0.00,0.99
MCK,0.01,0.02,0.01,0.00,0.78,0.24,0.09,0.09,0.21,0.74,0.90,0.91,0.01,0.30,0.69
UAL,0.02,0.01,0.01,0.00,0.49,0.09,0.03,0.03,0.49,0.90,0.96,0.96,0.01,0.16,0.83
TGT,0.02,0.01,0.01,0.01,0.03,0.00,0.00,0.00,0.95,0.99,0.99,0.99,0.01,0.01,0.98
LDOS,0.02,0.02,0.01,0.00,0.80,0.27,0.07,0.07,0.18,0.72,0.92,0.92,0.01,0.30,0.69
LEN,0.02,0.01,0.01,0.00,0.70,0.18,0.06,0.08,0.29,0.80,0.93,0.92,0.01,0.26,0.73
EVRG,0.01,0.02,0.01,0.00,0.83,0.27,0.09,0.11,0.16,0.72,0.90,0.89,0.01,0.32,0.67
NRG,0.02,0.01,0.01,0.00,0.75,0.23,0.08,0.07,0.23,0.76,0.92,0.92,0.01,0.28,0.71
GEHC,0.01,0.02,0.01,0.01,0.92,0.27,0.04,0.05,0.08,0.71,0.95,0.94,0.01,0.32,0.67
GEV,0.02,0.01,0.01,0.00,0.59,0.15,0.06,0.06,0.39,0.84,0.94,0.94,0.01,0.22,0.77
BK,0.01,0.02,0.01,0.00,0.84,0.29,0.09,0.11,0.14,0.69,0.90,0.88,0.01,0.33,0.66
EW,0.03,0.00,0.00,0.00,0.59,0.70,0.82,0.87,0.38,0.30,0.18,0.13,0.01,0.74,0.25
AMCR,0.02,0.01,0.00,0.00,0.04,0.01,0.00,0.00,0.94,0.98,1.00,0.99,0.01,0.01,0.98
TXT,0.01,0.01,0.01,0.00,0.82,0.28,0.08,0.08,0.17,0.70,0.92,0.91,0.01,0.32,0.68
DVN,0.02,0.01,0.00,0.00,0.36,0.03,0.00,0.00,0.61,0.95,1.00,1.00,0.01,0.10,0.89
RSG,0.01,0.01,0.01,0.00,0.83,0.40,0.17,0.18,0.16,0.59,0.82,0.81,0.01,0.39,0.60
EOG,0.03,0.01,0.00,0.00,0.11,0.01,0.00,0.00,0.86,0.99,1.00,1.00,0.01,0.03,0.96
DHI,0.01,0.01,0.01,0.00,0.85,0.33,0.10,0.11,0.14,0.65,0.89,0.89,0.01,0.35,0.64
ABT,0.01,0.01,0.01,0.01,0.60,0.20,0.11,0.11,0.39,0.79,0.88,0.89,0.01,0.25,0.74
TROW,0.01,0.01,0.01,0.00,0.76,0.22,0.10,0.10,0.23,0.77,0.90,0.90,0.01,0.29,0.70
MS,0.00,0.01,0.01,0.01,0.86,0.23,0.10,0.11,0.14,0.76,0.89,0.88,0.01,0.32,0.67
UNH,0.03,0.01,0.00,0.00,0.37,0.05,0.01,0.01,0.60,0.95,0.99,0.99,0.01,0.11,0.88
AMT,0.01,0.01,0.01,0.00,0.56,0.25,0.10,0.12,0.43,0.74,0.90,0.88,0.01,0.26,0.74
AOS,0.01,0.02,0.01,0.00,0.91,0.33,0.03,0.04,0.09,0.66,0.96,0.96,0.01,0.33,0.67
DRI,0.01,0.01,0.01,0.00,0.88,0.38,0.12,0.11,0.12,0.60,0.87,0.89,0.01,0.37,0.62
NWS,0.01,0.01,0.01,0.00,0.81,0.33,0.19,0.21,0.18,0.66,0.80,0.78,0.01,0.38,0.61
ABNB,0.01,0.01,0.01,0.00,0.85,0.27,0.08,0.08,0.14,0.71,0.91,0.91,0.01,0.32,0.67
EQT,0.01,0.01,0.00,0.00,0.78,0.26,0.09,0.09,0.21,0.72,0.90,0.91,0.01,0.30,0.69
SNPS,0.00,0.02,0.01,0.00,0.92,0.33,0.05,0.04,0.08,0.66,0.94,0.95,0.01,0.33,0.66
WY,0.02,0.01,0.00,0.00,0.15,0.02,0.00,0.00,0.83,0.98,1.00,1.00,0.01,0.04,0.95
FOXA,0.01,0.01,0.00,0.00,0.65,0.20,0.06,0.05,0.34,0.79,0.94,0.94,0.01,0.24,0.75
CSX,0.00,0.01,0.01,0.01,0.83,0.33,0.19,0.20,0.16,0.66,0.80,0.80,0.01,0.39,0.60
DAY,0.01,0.01,0.00,0.00,0.76,0.20,0.06,0.07,0.23,0.79,0.93,0.92,0.01,0.28,0.72
BWA,0.01,0.01,0.01,0.00,0.86,0.32,0.09,0.10,0.13,0.67,0.90,0.90,0.01,0.34,0.65
HUM,0.01,0.02,0.01,0.00,0.94,0.41,0.08,0.07,0.06,0.57,0.91,0.93,0.01,0.37,0.62
UNP,0.01,0.01,0.01,0.00,0.78,0.32,0.16,0.15,0.21,0.66,0.84,0.85,0.01,0.35,0.64
RTX,0.00,0.01,0.01,0.00,0.93,0.54,0.15,0.12,0.07,0.45,0.84,0.87,0.01,0.43,0.56
SOLV,0.00,0.01,0.01,0.00,0.92,0.48,0.15,0.13,0.08,0.51,0.84,0.87,0.01,0.42,0.57
CMS,0.02,0.01,0.00,0.00,0.15,0.01,0.00,0.00,0.84,0.99,1.00,1.00,0.01,0.04,0.95
XYL,0.01,0.01,0.01,0.00,0.90,0.47,0.18,0.20,0.09,0.52,0.82,0.80,0.01,0.44,0.56
GM,0.00,0.01,0.01,0.01,0.85,0.28,0.07,0.08,0.14,0.71,0.92,0.91,0.01,0.32,0.67
ODFL,0.01,0.01,0.01,0.00,0.82,0.30,0.17,0.20,0.18,0.69,0.83,0.79,0.01,0.37,0.62
CBRE,0.00,0.01,0.01,0.01,0.91,0.36,0.10,0.09,0.09,0.63,0.89,0.90,0.01,0.37,0.63
UPS,0.02,0.00,0.00,0.00,0.12,0.01,0.01,0.01,0.85,0.98,0.99,0.99,0.01,0.04,0.96
LOW,0.01,0.01,0.01,0.00,0.39,0.09,0.01,0.01,0.60,0.90,0.98,0.99,0.01,0.13,0.87
DPZ,0.01,0.01,0.01,0.00,0.85,0.29,0.13,0.17,0.15,0.70,0.86,0.82,0.01,0.36,0.63
NFLX,0.01,0.01,0.00,0.00,0.80,0.35,0.17,0.27,0.19,0.64,0.83,0.72,0.01,0.40,0.60
UHS,0.01,0.01,0.01,0.00,0.91,0.40,0.05,0.05,0.08,0.58,0.94,0.95,0.01,0.35,0.64
MCD,0.01,0.01,0.01,0.00,0.54,0.10,0.05,0.10,0.46,0.89,0.94,0.90,0.01,0.20,0.80
DOV,0.00,0.01,0.01,0.00,0.89,0.49,0.20,0.23,0.10,0.50,0.79,0.77,0.01,0.45,0.54
BR,0.01,0.01,0.01,0.00,0.85,0.58,0.38,0.47,0.14,0.41,0.62,0.52,0.01,0.57,0.42
PTC,0.01,0.01,0.01,0.00,0.85,0.37,0.16,0.15,0.14,0.62,0.84,0.85,0.01,0.38,0.61
CFG,0.00,0.01,0.01,0.01,0.87,0.33,0.05,0.05,0.12,0.66,0.94,0.95,0.01,0.33,0.67
BA,0.01,0.01,0.01,0.00,0.86,0.36,0.13,0.14,0.13,0.63,0.86,0.85,0.01,0.37,0.62
STX,0.01,0.01,0.01,0.00,0.69,0.26,0.08,0.06,0.30,0.73,0.92,0.94,0.01,0.27,0.72
DFS,0.01,0.01,0.00,0.00,0.52,0.11,0.04,0.04,0.47,0.89,0.96,0.96,0.01,0.18,0.82
NXPI,0.01,0.01,0.00,0.00,0.26,0.02,0.00,0.00,0.73,0.97,0.99,0.99,0.01,0.07,0.92
IEX,0.01,0.01,0.00,0.00,0.90,0.33,0.07,0.06,0.09,0.66,0.93,0.94,0.01,0.34,0.65
TEAM,0.01,0.01,0.00,0.00,0.86,0.50,0.28,0.41,0.14,0.49,0.72,0.59,0.01,0.51,0.48
IDXX,0.02,0.00,0.00,0.00,0.03,0.00,0.00,0.00,0.96,0.99,1.00,1.00,0.01,0.01,0.99
MLM,0.01,0.01,0.00,0.00,0.70,0.20,0.08,0.10,0.29,0.79,0.91,0.90,0.01,0.27,0.72
SPGI,0.01,0.01,0.00,0.00,0.81,0.31,0.17,0.22,0.18,0.68,0.82,0.78,0.01,0.38,0.62
ORLY,0.00,0.01,0.01,0.01,0.85,0.46,0.32,0.38,0.14,0.53,0.68,0.62,0.01,0.50,0.49
D,0.01,0.01,0.00,0.00,0.02,0.00,0.00,0.00,0.96,0.99,1.00,1.00,0.01,0.01,0.99
SYK,0.00,0.01,0.01,0.00,0.91,0.51,0.11,0.11,0.09,0.48,0.88,0.89,0.01,0.41,0.59
TTD,0.01,0.01,0.00,0.00,0.85,0.34,0.11,0.10,0.15,0.65,0.89,0.89,0.01,0.35,0.64
ADSK,0.00,0.01,0.01,0.00,0.86,0.40,0.20,0.20,0.14,0.59,0.79,0.80,0.01,0.42,0.58
GRMN,0.01,0.01,0.00,0.00,0.00,0.00,0.00,0.00,0.99,0.99,1.00,1.00,0.01,0.00,0.99
SHW,0.01,0.01,0.00,0.00,0.74,0.24,0.06,0.06,0.25,0.75,0.94,0.94,0.01,0.28,0.72
TAP,0.01,0.01,0.00,0.00,0.84,0.23,0.09,0.10,0.16,0.76,0.91,0.90,0.01,0.31,0.68
BX,0.01,0.01,0.00,0.00,0.76,0.16,0.03,0.02,0.23,0.83,0.97,0.97,0.01,0.24,0.75
PH,0.00,0.01,0.00,0.00,0.87,0.42,0.20,0.23,0.12,0.57,0.80,0.77,0.01,0.43,0.57
ITW,0.01,0.00,0.00,0.00,0.04,0.01,0.00,0.00,0.95,0.99,0.99,0.99,0.01,0.01,0.98
CPAY,0.00,0.01,0.00,0.00,0.91,0.41,0.11,0.10,0.09,0.58,0.89,0.90,0.01,0.38,0.61
MAR,0.01,0.01,0.00,0.00,0.75,0.31,0.21,0.25,0.25,0.69,0.78,0.75,0.00,0.38,0.62
TMUS,0.01,0.01,0.00,0.00,0.85,0.35,0.15,0.18,0.15,0.64,0.85,0.82,0.00,0.38,0.62
CTRA,0.01,0.01,0.00,0.00,0.68,0.18,0.05,0.05,0.31,0.81,0.95,0.95,0.00,0.24,0.76
CHTR,0.01,0.00,0.00,0.00,0.36,0.06,0.06,0.08,0.63,0.93,0.94,0.92,0.00,0.14,0.86
SBUX,0.00,0.01,0.00,0.00,0.88,0.41,0.16,0.17,0.11,0.58,0.84,0.83,0.00,0.40,0.59
TYL,0.01,0.01,0.00,0.00,0.85,0.39,0.16,0.19,0.14,0.60,0.84,0.81,0.00,0.40,0.60
SCHW,0.00,0.01,0.00,0.00,0.87,0.28,0.07,0.07,0.13,0.71,0.93,0.93,0.00,0.32,0.67
GWW,0.00,0.01,0.00,0.00,0.86,0.40,0.14,0.12,0.14,0.59,0.85,0.87,0.00,0.38,0.61
FOX,0.01,0.01,0.00,0.00,0.83,0.32,0.10,0.09,0.16,0.68,0.90,0.91,0.00,0.33,0.66
AXON,0.01,0.01,0.00,0.00,0.84,0.21,0.10,0.12,0.16,0.79,0.90,0.88,0.00,0.31,0.68
BKR,0.00,0.01,0.00,0.00,0.90,0.46,0.15,0.16,0.09,0.53,0.84,0.84,0.00,0.42,0.58
BRO,0.01,0.01,0.00,0.00,0.76,0.27,0.15,0.16,0.23,0.72,0.84,0.84,0.00,0.34,0.66
ACN,0.00,0.01,0.00,0.00,0.85,0.41,0.22,0.28,0.15,0.58,0.77,0.72,0.00,0.44,0.56
HPQ,0.01,0.00,0.00,0.00,0.54,0.13,0.09,0.10,0.45,0.86,0.90,0.89,0.00,0.22,0.78
VST,0.00,0.00,0.00,0.01,0.72,0.35,0.22,0.21,0.28,0.65,0.78,0.79,0.00,0.37,0.62
SW,0.00,0.01,0.00,0.00,0.81,0.26,0.18,0.24,0.19,0.74,0.82,0.76,0.00,0.37,0.62
HCA,0.00,0.00,0.01,0.01,0.93,0.61,0.22,0.20,0.07,0.39,0.77,0.79,0.00,0.49,0.51
HWM,0.00,0.01,0.00,0.00,0.89,0.51,0.21,0.22,0.11,0.48,0.79,0.78,0.00,0.46,0.54
MOS,0.00,0.01,0.00,0.00,0.94,0.49,0.15,0.12,0.06,0.50,0.85,0.87,0.00,0.43,0.57
ASML,0.00,0.01,0.00,0.00,0.88,0.41,0.16,0.13,0.12,0.58,0.84,0.86,0.00,0.40,0.60
MPC,0.00,0.01,0.00,0.00,0.89,0.28,0.08,0.10,0.11,0.71,0.92,0.90,0.00,0.34,0.66
PANW,0.00,0.01,0.00,0.00,0.82,0.24,0.10,0.12,0.18,0.75,0.90,0.87,0.00,0.32,0.68
CTSH,0.00,0.01,0.00,0.00,0.84,0.46,0.27,0.33,0.16,0.53,0.73,0.66,0.00,0.47,0.52
PHM,0.01,0.01,0.00,0.00,0.83,0.33,0.10,0.10,0.17,0.67,0.90,0.90,0.00,0.34,0.66
URI,0.01,0.00,0.00,0.00,0.10,0.03,0.01,0.01,0.89,0.97,0.99,0.99,0.00,0.04,0.96
GLW,0.00,0.01,0.00,0.00,0.93,0.49,0.16,0.16,0.07,0.51,0.84,0.84,0.00,0.43,0.56
NWSA,0.00,0.01,0.00,0.00,0.81,0.38,0.21,0.25,0.19,0.61,0.79,0.75,0.00,0.41,0.58
LLY,0.01,0.00,0.00,0.00,0.11,0.01,0.00,0.00,0.88,0.99,1.00,1.00,0.00,0.03,0.97
NVR,0.00,0.00,0.00,0.00,0.91,0.50,0.15,0.14,0.09,0.50,0.84,0.86,0.00,0.43,0.57
MET,0.00,0.00,0.00,0.00,0.92,0.70,0.28,0.20,0.08,0.29,0.72,0.80,0.00,0.53,0.47
BLK,0.00,0.00,0.00,0.00,0.00,0.00,0.01,0.01,0.99,0.99,0.99,0.98,0.00,0.01,0.99
TPL,0.00,0.01,0.00,0.00,0.86,0.36,0.16,0.14,0.13,0.63,0.84,0.86,0.00,0.38,0.61
EMN,0.00,0.01,0.00,0.00,0.85,0.39,0.21,0.26,0.14,0.60,0.79,0.74,0.00,0.43,0.57
RMD,0.00,0.01,0.00,0.00,0.81,0.18,0.02,0.02,0.19,0.81,0.98,0.98,0.00,0.26,0.74
FAST,0.01,0.00,0.00,0.00,0.78,0.45,0.22,0.16,0.21,0.55,0.78,0.84,0.00,0.40,0.60
ZS,0.00,0.01,0.00,0.00,0.87,0.34,0.18,0.21,0.13,0.65,0.82,0.79,0.00,0.40,0.60
PLD,0.00,0.01,0.00,0.00,0.92,0.63,0.28,0.28,0.07,0.36,0.72,0.71,0.00,0.53,0.47
TRV,0.01,0.00,0.00,0.00,0.54,0.06,0.01,0.01,0.45,0.94,0.99,0.99,0.00,0.16,0.84
MGM,0.00,0.01,0.00,0.00,0.82,0.35,0.18,0.23,0.18,0.65,0.82,0.76,0.00,0.39,0.60
CF,0.01,0.00,0.00,0.00,0.01,0.01,0.01,0.01,0.98,0.99,0.99,0.99,0.00,0.01,0.99
CZR,0.00,0.00,0.00,0.00,0.88,0.38,0.16,0.20,0.12,0.62,0.83,0.80,0.00,0.40,0.59
PPG,0.00,0.00,0.00,0.00,0.88,0.62,0.25,0.15,0.12,0.37,0.75,0.85,0.00,0.48,0.52
HLT,0.00,0.00,0.00,0.00,0.83,0.38,0.20,0.25,0.17,0.62,0.80,0.75,0.00,0.41,0.58
WEC,0.00,0.00,0.00,0.00,0.83,0.43,0.21,0.23,0.17,0.56,0.79,0.77,0.00,0.42,0.57
DD,0.00,0.00,0.00,0.00,0.80,0.30,0.10,0.12,0.20,0.69,0.89,0.88,0.00,0.33,0.67
ORCL,0.00,0.00,0.00,0.00,0.83,0.38,0.22,0.25,0.17,0.62,0.78,0.75,0.00,0.42,0.58
WBA,0.00,0.01,0.00,0.00,0.96,0.50,0.05,0.04,0.04,0.49,0.95,0.96,0.00,0.39,0.61
TJX,0.00,0.00,0.00,0.00,0.77,0.26,0.23,0.34,0.23,0.74,0.76,0.66,0.00,0.40,0.60
VMC,0.00,0.00,0.00,0.00,0.90,0.56,0.28,0.29,0.10,0.44,0.71,0.71,0.00,0.51,0.49
CDW,0.00,0.00,0.00,0.00,0.93,0.58,0.24,0.19,0.07,0.41,0.76,0.81,0.00,0.49,0.51
BBY,0.00,0.00,0.00,0.00,0.90,0.58,0.29,0.32,0.10,0.41,0.71,0.68,0.00,0.52,0.48
SNA,0.00,0.00,0.00,0.00,0.73,0.16,0.06,0.05,0.26,0.83,0.94,0.94,0.00,0.25,0.74
TSCO,0.00,0.00,0.00,0.00,0.74,0.11,0.02,0.02,0.26,0.89,0.98,0.98,0.00,0.22,0.78
WM,0.00,0.00,0.00,0.00,0.88,0.54,0.29,0.29,0.12,0.46,0.71,0.70,0.00,0.50,0.50
GDDY,0.01,0.00,0.00,0.00,0.03,0.00,0.00,0.00,0.96,1.00,1.00,1.00,0.00,0.01,0.99
DVA,0.00,0.00,0.00,0.00,0.06,0.03,0.02,0.02,0.94,0.96,0.97,0.98,0.00,0.03,0.96
NEM,0.00,0.00,0.00,0.00,0.91,0.61,0.36,0.36,0.08,0.39,0.64,0.64,0.00,0.56,0.44
MA,0.00,0.00,0.00,0.00,0.79,0.26,0.16,0.23,0.20,0.74,0.84,0.77,0.00,0.36,0.64
MPWR,0.00,0.00,0.00,0.00,0.87,0.50,0.32,0.29,0.13,0.50,0.68,0.71,0.00,0.49,0.50
TFC,0.00,0.00,0.00,0.00,0.94,0.48,0.13,0.12,0.06,0.51,0.87,0.88,0.00,0.42,0.58
ADP,0.00,0.00,0.00,0.00,0.83,0.40,0.22,0.26,0.16,0.59,0.78,0.74,0.00,0.43,0.57
CPRT,0.00,0.00,0.00,0.00,0.64,0.37,0.40,0.56,0.36,0.63,0.60,0.44,0.00,0.49,0.51
QQQ,0.00,0.00,0.00,0.00,0.92,0.63,0.28,0.32,0.08,0.37,0.72,0.68,0.00,0.54,0.46
APH,0.00,0.00,0.00,0.00,0.07,0.07,0.15,0.26,0.93,0.93,0.85,0.74,0.00,0.14,0.86
AVGO,0.01,0.00,0.00,0.00,0.44,0.23,0.28,0.36,0.56,0.77,0.72,0.64,0.00,0.32,0.67
AJG,0.00,0.00,0.00,0.00,0.06,0.02,0.01,0.01,0.93,0.98,0.99,0.99,0.00,0.02,0.97
VLO,0.00,0.00,0.00,0.00,0.93,0.64,0.24,0.19,0.07,0.36,0.75,0.81,0.00,0.50,0.50
HD,0.01,0.00,0.00,0.00,0.04,0.01,0.00,0.00,0.95,0.99,1.00,1.00,0.00,0.02,0.98
TRGP,0.00,0.00,0.00,0.00,0.91,0.55,0.22,0.19,0.09,0.45,0.78,0.81,0.00,0.47,0.53
EQIX,0.00,0.00,0.00,0.00,0.80,0.77,0.84,0.89,0.19,0.23,0.16,0.11,0.00,0.82,0.17
MHK,0.00,0.00,0.00,0.00,0.94,0.55,0.11,0.10,0.06,0.45,0.89,0.90,0.00,0.42,0.57
NDAQ,0.00,0.00,0.00,0.00,0.86,0.38,0.22,0.21,0.14,0.62,0.78,0.78,0.00,0.42,0.58
ZTS,0.01,0.00,0.00,0.00,0.01,0.00,0.00,0.00,0.99,1.00,1.00,1.00,0.00,0.00,1.00
KEYS,0.00,0.00,0.00,0.00,0.29,0.06,0.03,0.04,0.71,0.94,0.97,0.96,0.00,0.11,0.89
GILD,0.01,0.00,0.00,0.00,0.02,0.00,0.00,0.00,0.98,1.00,1.00,1.00,0.00,0.00,0.99
MAS,0.00,0.00,0.00,0.00,0.91,0.61,0.26,0.22,0.09,0.39,0.74,0.78,0.00,0.50,0.50
IVZ,0.00,0.00,0.00,0.00,0.86,0.40,0.21,0.22,0.14,0.60,0.79,0.77,0.00,0.42,0.58
NKE,0.01,0.00,0.00,0.00,0.02,0.00,0.00,0.00,0.97,1.00,1.00,1.00,0.00,0.01,0.99
PNC,0.00,0.00,0.00,0.00,0.94,0.65,0.32,0.30,0.06,0.35,0.68,0.70,0.00,0.55,0.45
TDG,0.00,0.00,0.00,0.00,0.93,0.55,0.25,0.21,0.07,0.45,0.75,0.78,0.00,0.48,0.51
IP,0.00,0.00,0.00,0.00,0.94,0.59,0.27,0.25,0.06,0.41,0.73,0.75,0.00,0.51,0.49
AMP,0.00,0.00,0.00,0.00,0.89,0.40,0.11,0.11,0.11,0.59,0.88,0.89,0.00,0.38,0.62
AEE,0.00,0.00,0.00,0.00,0.02,0.00,0.00,0.00,0.98,1.00,1.00,1.00,0.00,0.00,0.99
CVS,0.00,0.00,0.00,0.00,0.88,0.47,0.22,0.26,0.12,0.53,0.78,0.74,0.00,0.46,0.54
CVX,0.00,0.00,0.00,0.00,0.01,0.00,0.00,0.00,0.98,1.00,1.00,1.00,0.00,0.00,0.99
NSC,0.00,0.00,0.00,0.00,0.89,0.60,0.43,0.36,0.11,0.40,0.57,0.63,0.00,0.57,0.43
LYV,0.00,0.00,0.00,0.00,0.88,0.57,0.39,0.47,0.12,0.42,0.61,0.53,0.00,0.58,0.42
DTE,0.00,0.00,0.00,0.00,0.00,0.00,0.00,0.00,0.99,1.00,1.00,1.00,0.00,0.00,1.00
NOC,0.00,0.00,0.00,0.00,0.00,0.00,0.00,0.00,0.99,1.00,1.00,1.00,0.00,0.00,1.00
ADI,0.00,0.00,0.00,0.00,0.01,0.00,0.00,0.00,0.98,1.00,1.00,1.00,0.00,0.00,0.99
COF,0.00,0.00,0.00,0.00,0.62,0.32,0.12,0.14,0.38,0.68,0.88,0.86,0.00,0.30,0.70
VTR,0.00,0.00,0.00,0.00,0.89,0.46,0.21,0.23,0.11,0.54,0.78,0.77,0.00,0.45,0.55
NTRS,0.00,0.00,0.00,0.00,0.04,0.00,0.00,0.00,0.96,1.00,1.00,1.00,0.00,0.01,0.99
MTCH,0.00,0.00,0.00,0.00,0.88,0.57,0.38,0.33,0.12,0.43,0.62,0.66,0.00,0.54,0.46
WELL,0.00,0.00,0.00,0.00,0.86,0.43,0.25,0.31,0.14,0.57,0.75,0.69,0.00,0.46,0.54
GS,0.00,0.00,0.00,0.00,0.91,0.82,0.75,0.75,0.09,0.18,0.25,0.25,0.00,0.81,0.19
LIN,0.00,0.00,0.00,0.00,0.89,0.58,0.29,0.31,0.11,0.42,0.71,0.69,0.00,0.52,0.48
FMC,0.00,0.00,0.00,0.00,0.03,0.01,0.03,0.08,0.96,0.99,0.97,0.92,0.00,0.04,0.96
APD,0.00,0.00,0.00,0.00,0.90,0.60,0.36,0.31,0.10,0.40,0.63,0.69,0.00,0.54,0.45
FDS,0.00,0.00,0.00,0.00,0.80,0.86,0.95,0.97,0.20,0.14,0.05,0.03,0.00,0.89,0.10
UBER,0.00,0.00,0.00,0.00,0.87,0.47,0.23,0.24,0.13,0.53,0.77,0.76,0.00,0.45,0.55
KMX,0.00,0.00,0.00,0.00,0.87,0.61,0.50,0.61,0.13,0.39,0.50,0.38,0.00,0.65,0.35
NOW,0.00,0.00,0.00,0.00,0.00,0.00,0.00,0.00,1.00,1.00,1.00,1.00,0.00,0.00,1.00
UPST,0.00,0.00,0.00,0.00,0.69,0.44,0.44,0.63,0.31,0.56,0.56,0.37,0.00,0.55,0.45
ECL,0.00,0.00,0.00,0.00,0.86,0.50,0.31,0.36,0.14,0.50,0.69,0.64,0.00,0.51,0.49
ARM,0.00,0.00,0.00,0.00,0.92,0.57,0.29,0.27,0.08,0.43,0.71,0.73,0.00,0.51,0.49
COO,0.00,0.00,0.00,0.00,0.01,0.00,0.00,0.00,0.99,1.00,1.00,1.00,0.00,0.00,1.00
MDB,0.00,0.00,0.00,0.00,0.88,0.55,0.34,0.37,0.12,0.45,0.66,0.63,0.00,0.53,0.46
AON,0.00,0.00,0.00,0.00,0.85,0.37,0.18,0.20,0.15,0.62,0.82,0.80,0.00,0.40,0.60
INTC,0.00,0.00,0.00,0.00,0.88,0.41,0.16,0.16,0.12,0.59,0.84,0.83,0.00,0.40,0.60
PAYX,0.00,0.00,0.00,0.00,0.90,0.60,0.38,0.38,0.10,0.39,0.62,0.62,0.00,0.57,0.43
PSX,0.00,0.00,0.00,0.00,0.92,0.36,0.12,0.13,0.08,0.64,0.88,0.86,0.00,0.38,0.62
WAB,0.00,0.00,0.00,0.00,0.68,0.20,0.02,0.02,0.31,0.80,0.98,0.98,0.00,0.23,0.77
MCO,0.00,0.00,0.00,0.00,0.86,0.55,0.33,0.41,0.14,0.45,0.66,0.59,0.00,0.54,0.46
FRT,0.00,0.00,0.00,0.00,0.88,0.45,0.21,0.18,0.12,0.54,0.79,0.82,0.00,0.43,0.57
AMAT,0.00,0.00,0.00,0.00,0.39,0.11,0.04,0.03,0.61,0.88,0.96,0.97,0.00,0.14,0.86
AIG,0.00,0.00,0.00,0.00,0.01,0.00,0.00,0.00,0.98,1.00,1.00,1.00,0.00,0.00,0.99
HIG,0.00,0.00,0.00,0.00,0.10,0.01,0.00,0.00,0.90,0.99,1.00,1.00,0.00,0.03,0.97
AKAM,0.00,0.00,0.00,0.00,0.83,0.51,0.38,0.45,0.17,0.48,0.62,0.55,0.00,0.54,0.46
MU,0.00,0.00,0.00,0.00,0.86,0.51,0.46,0.54,0.14,0.49,0.54,0.46,0.00,0.59,0.41
WMB,0.00,0.00,0.00,0.00,0.93,0.58,0.16,0.15,0.07,0.42,0.84,0.85,0.00,0.45,0.55
SWK,0.00,0.00,0.00,0.00,0.91,0.68,0.42,0.37,0.08,0.32,0.58,0.63,0.00,0.60,0.40
MMC,0.00,0.00,0.00,0.00,0.86,0.49,0.28,0.30,0.14,0.51,0.72,0.70,0.00,0.48,0.52
IBM,0.00,0.00,0.00,0.00,0.85,0.48,0.31,0.40,0.15,0.52,0.69,0.60,0.00,0.51,0.49
JCI,0.00,0.00,0.00,0.00,0.06,0.00,0.00,0.00,0.93,1.00,1.00,1.00,0.00,0.02,0.98
CTVA,0.00,0.00,0.00,0.00,0.91,0.63,0.31,0.26,0.09,0.37,0.69,0.74,0.00,0.53,0.47
EPAM,0.00,0.00,0.00,0.00,0.87,0.60,0.53,0.61,0.13,0.40,0.47,0.39,0.00,0.65,0.35
LKQ,0.00,0.00,0.00,0.00,0.01,0.00,0.00,0.00,0.99,1.00,1.00,1.00,0.00,0.00,1.00
WAT,0.00,0.00,0.00,0.00,0.30,0.26,0.28,0.28,0.70,0.74,0.72,0.72,0.00,0.28,0.72
FANG,0.00,0.00,0.00,0.00,0.00,0.00,0.00,0.00,1.00,1.00,1.00,1.00,0.00,0.00,1.00
RCL,0.00,0.00,0.00,0.00,0.90,0.61,0.35,0.40,0.10,0.39,0.65,0.60,0.00,0.56,0.43
RF,0.00,0.00,0.00,0.00,0.93,0.66,0.45,0.44,0.07,0.34,0.54,0.56,0.00,0.62,0.38
GPC,0.00,0.00,0.00,0.00,0.81,0.46,0.33,0.38,0.18,0.54,0.67,0.62,0.00,0.50,0.50
RJF,0.00,0.00,0.00,0.00,0.93,0.74,0.50,0.45,0.07,0.26,0.50,0.55,0.00,0.65,0.34
ANSS,0.00,0.00,0.00,0.00,0.95,0.71,0.30,0.24,0.05,0.29,0.70,0.76,0.00,0.55,0.45
SMCI,0.00,0.00,0.00,0.00,0.00,0.00,0.00,0.00,1.00,1.00,1.00,1.00,0.00,0.00,1.00
CAT,0.00,0.00,0.00,0.00,0.01,0.00,0.00,0.00,0.99,1.00,1.00,1.00,0.00,0.00,1.00
NUE,0.00,0.00,0.00,0.00,0.90,0.52,0.30,0.33,0.10,0.48,0.70,0.67,0.00,0.51,0.49
BKNG,0.00,0.00,0.00,0.00,0.76,0.68,0.74,0.85,0.23,0.32,0.25,0.15,0.00,0.76,0.24
APA,0.00,0.00,0.00,0.00,0.95,0.57,0.17,0.14,0.05,0.42,0.83,0.86,0.00,0.46,0.54
CTAS,0.00,0.00,0.00,0.00,0.86,0.48,0.29,0.34,0.14,0.52,0.71,0.66,0.00,0.49,0.50
PFG,0.00,0.00,0.00,0.00,0.89,0.54,0.32,0.33,0.11,0.46,0.68,0.67,0.00,0.52,0.48
MSI,0.00,0.00,0.00,0.00,0.00,0.00,0.00,0.00,1.00,1.00,1.00,1.00,0.00,0.00,1.00
CEG,0.00,0.00,0.00,0.00,0.91,0.66,0.43,0.37,0.08,0.34,0.57,0.63,0.00,0.59,0.40
FITB,0.00,0.00,0.00,0.00,0.06,0.01,0.00,0.00,0.94,0.99,1.00,1.00,0.00,0.02,0.98
SLB,0.00,0.00,0.00,0.00,0.90,0.58,0.31,0.29,0.10,0.42,0.68,0.71,0.00,0.52,0.48
CCL,0.00,0.00,0.00,0.00,0.76,0.44,0.32,0.51,0.24,0.56,0.68,0.49,0.00,0.51,0.49
FI,0.00,0.00,0.00,0.00,0.85,0.46,0.32,0.32,0.15,0.54,0.68,0.68,0.00,0.49,0.51
ZBRA,0.00,0.00,0.00,0.00,0.00,0.00,0.00,0.00,1.00,1.00,1.00,1.00,0.00,0.00,1.00
HSIC,0.00,0.00,0.00,0.00,0.91,0.55,0.23,0.21,0.09,0.45,0.77,0.79,0.00,0.48,0.52
HES,0.00,0.00,0.00,0.00,0.87,0.63,0.49,0.42,0.13,0.37,0.51,0.58,0.00,0.60,0.40
LYB,0.00,0.00,0.00,0.00,0.95,0.70,0.32,0.25,0.05,0.30,0.68,0.75,0.00,0.55,0.45
HII,0.00,0.00,0.00,0.00,0.80,0.47,0.45,0.60,0.20,0.53,0.55,0.40,0.00,0.58,0.42
BEN,0.00,0.00,0.00,0.00,0.87,0.40,0.24,0.26,0.13,0.59,0.76,0.74,0.00,0.44,0.56
TRMB,0.00,0.00,0.00,0.00,0.00,0.00,0.00,0.00,1.00,1.00,1.00,1.00,0.00,0.00,1.00
HBAN,0.00,0.00,0.00,0.00,0.93,0.80,0.69,0.67,0.07,0.20,0.31,0.33,0.00,0.77,0.23
SE,0.00,0.00,0.00,0.00,0.86,0.63,0.46,0.54,0.14,0.37,0.54,0.46,0.00,0.62,0.38
AFL,0.00,0.00,0.00,0.00,0.93,0.69,0.45,0.40,0.07,0.31,0.55,0.60,0.00,0.62,0.38
KEY,0.00,0.00,0.00,0.00,0.92,0.70,0.55,0.57,0.08,0.30,0.44,0.43,0.00,0.68,0.32
J,0.00,0.00,0.00,0.00,0.02,0.01,0.00,0.01,0.98,0.99,1.00,0.99,0.00,0.01,0.99
COP,0.00,0.00,0.00,0.00,0.08,0.02,0.00,0.00,0.92,0.98,1.00,1.00,0.00,0.03,0.97
TEL,0.00,0.00,0.00,0.00,0.85,0.44,0.15,0.12,0.15,0.56,0.85,0.88,0.00,0.39,0.61
DELL,0.00,0.00,0.00,0.00,0.88,0.59,0.48,0.46,0.12,0.41,0.52,0.54,0.00,0.60,0.40
SPG,0.00,0.00,0.00,0.00,0.89,0.56,0.38,0.35,0.11,0.44,0.61,0.65,0.00,0.55,0.45
STLD,0.00,0.00,0.00,0.00,0.91,0.56,0.33,0.35,0.09,0.44,0.67,0.65,0.00,0.54,0.46
WDC,0.00,0.00,0.00,0.00,0.79,0.27,0.05,0.04,0.21,0.73,0.95,0.96,0.00,0.29,0.71
GOOG,0.00,0.00,0.00,0.00,0.79,0.70,0.86,0.92,0.21,0.30,0.14,0.08,0.00,0.82,0.18
DIS,0.00,0.00,0.00,0.00,0.00,0.00,0.00,0.00,1.00,1.00,1.00,1.00,0.00,0.00,1.00
COST,0.00,0.00,0.00,0.00,0.86,0.67,0.57,0.62,0.14,0.33,0.43,0.38,0.00,0.68,0.32
TECH,0.00,0.00,0.00,0.00,0.00,0.00,0.00,0.00,1.00,1.00,1.00,1.00,0.00,0.00,1.00
MTB,0.00,0.00,0.00,0.00,0.90,0.65,0.28,0.23,0.10,0.35,0.72,0.77,0.00,0.51,0.49
DE,0.00,0.00,0.00,0.00,0.74,0.44,0.54,0.58,0.26,0.56,0.46,0.42,0.00,0.58,0.42
AME,0.00,0.00,0.00,0.00,0.11,0.02,0.01,0.02,0.89,0.98,0.99,0.98,0.00,0.04,0.96
XOM,0.00,0.00,0.00,0.00,0.03,0.00,0.00,0.00,0.97,1.00,1.00,1.00,0.00,0.01,0.99
NVDA,0.00,0.00,0.00,0.00,0.93,0.64,0.40,0.35,0.07,0.36,0.60,0.65,0.00,0.58,0.42
ACGL,0.00,0.00,0.00,0.00,0.00,0.00,0.00,0.00,1.00,1.00,1.00,1.00,0.00,0.00,1.00
LRCX,0.00,0.00,0.00,0.00,0.91,0.73,0.54,0.58,0.09,0.27,0.46,0.42,0.00,0.69,0.31
NCLH,0.00,0.00,0.00,0.00,0.91,0.77,0.71,0.72,0.09,0.23,0.29,0.28,0.00,0.78,0.22
HIMS,0.00,0.00,0.00,0.00,0.84,0.64,0.57,0.62,0.16,0.36,0.43,0.38,0.00,0.67,0.33
SPY,0.00,0.00,0.00,0.00,0.86,0.70,0.70,0.76,0.14,0.30,0.30,0.24,0.00,0.75,0.25
EXPE,0.00,0.00,0.00,0.00,0.01,0.00,0.00,0.00,0.99,1.00,1.00,1.00,0.00,0.00,1.00
LII,0.00,0.00,0.00,0.00,0.89,0.89,0.95,0.97,0.11,0.11,0.05,0.03,0.00,0.92,0.08
ISRG,0.00,0.00,0.00,0.00,0.88,0.67,0.59,0.60,0.12,0.33,0.41,0.40,0.00,0.68,0.32
FTV,0.00,0.00,0.00,0.00,0.86,0.65,0.62,0.63,0.14,0.35,0.38,0.37,0.00,0.69,0.31
TTWO,0.00,0.00,0.00,0.00,0.02,0.00,0.00,0.00,0.98,1.00,1.00,1.00,0.00,0.01,0.99
PCAR,0.00,0.00,0.00,0.00,0.92,0.79,0.75,0.76,0.08,0.21,0.25,0.24,0.00,0.80,0.20
L,0.00,0.00,0.00,0.00,0.00,0.00,0.00,0.00,1.00,1.00,1.00,1.00,0.00,0.00,1.00
EMR,0.00,0.00,0.00,0.00,0.00,0.00,0.00,0.00,1.00,1.00,1.00,1.00,0.00,0.00,1.00
EFX,0.00,0.00,0.00,0.00,0.88,0.81,0.80,0.80,0.12,0.19,0.20,0.20,0.00,0.82,0.18
GOOGL,0.00,0.00,0.00,0.00,0.91,0.86,0.90,0.91,0.09,0.14,0.10,0.09,0.00,0.89,0.11
SYF,0.00,0.00,0.00,0.00,0.92,0.88,0.90,0.91,0.08,0.12,0.10,0.09,0.00,0.91,0.09
NI,0.00,0.00,0.00,0.00,0.00,0.00,0.00,0.00,1.00,1.00,1.00,1.00,0.00,0.00,1.00
KKR,0.00,0.00,0.00,0.00,0.89,0.74,0.66,0.67,0.11,0.26,0.34,0.33,0.00,0.74,0.26
WDAY,0.00,0.00,0.00,0.00,0.90,0.77,0.79,0.84,0.10,0.23,0.21,0.16,0.00,0.83,0.17
XLK,0.00,0.00,0.00,0.00,0.00,0.00,0.00,0.00,1.00,1.00,1.00,1.00,0.00,0.00,1.00
BMY,0.00,0.00,0.00,0.00,0.00,0.00,0.00,0.00,1.00,1.00,1.00,1.00,0.00,0.00,1.00
CMI,0.00,0.00,0.00,0.00,0.00,0.00,0.00,0.00,1.00,1.00,1.00,1.00,0.00,0.00,1.00
OXY,0.00,0.00,0.00,0.00,0.00,0.00,0.00,0.00,1.00,1.00,1.00,1.00,0.00,0.00,1.00
TLT,0.00,0.00,0.00,0.00,0.00,0.00,0.00,0.00,0.00,0.00,0.00,0.00,0.00,0.00,0.00
SHY,0.00,0.00,0.00,0.00,0.00,0.00,0.00,0.00,0.00,0.00,0.00,0.00,0.00,0.00,0.00
HYG,0.00,0.00,0.00,0.00,0.00,0.00,0.00,0.00,0.00,0.00,0.00,0.00,0.00,0.00,0.00
BRK.B,0.00,0.00,0.00,0.00,0.00,0.00,0.00,0.00,0.00,0.00,0.00,0.00,0.00,0.00,0.00
DIA,0.00,0.00,0.00,0.00,0.00,0.00,0.00,0.00,0.00,0.00,0.00,0.00,0.00,0.00,0.00
BF.B,0.00,0.00,0.00,0.00,0.00,0.00,0.00,0.00,0.00,0.00,0.00,0.00,0.00,0.00,0.00
IEF,0.00,0.00,0.00,0.00,0.00,0.00,0.00,0.00,0.00,0.00,0.00,0.00,0.00,0.00,0.00
LQD,0.00,0.00,0.00,0.00,0.00,0.00,0.00,0.00,0.00,0.00,0.00,0.00,0.00,0.00,0.00
IWM,0.00,0.00,0.00,0.00,0.00,0.00,0.00,0.00,0.00,0.00,0.00,0.00,0.00,0.00,0.00
